elapsed_s,power_mA,temperature_C,flow_sccm
0,0.01,799.6,0.02251
1,0.01075,799.4,0.03298
2,0.0115,799.4,0.02251
3,0.01225,799.4,0.03298
4,0.013,799.4,0.03298
5,0.01375,799.5,0.02251
6,0.0145,799.5,0.02251
7,0.01525,799.4,0.02251
8,0.016,799.7,0.03298
9,0.01675,799.4,0.02251
10,0.0175,799.5,0.03298
11,0.01825,799.4,0.03298
12,0.019,799.5,0.03298
13,0.01975,799.4,0.02251
14,0.0205,799.5,0.02251
15,0.02125,799.5,0.02251
16,0.022,799.5,0.02251
17,0.02275,799.4,0.03298
18,0.0235,799.5,0.02251
19,0.02425,799.4,0.02251
20,0.025,799.4,0.02251
21,0.02575,799.7,0.02251
22,0.0265,799.4,0.03298
23,0.02725,799.5,0.02251
24,0.028,799.5,0.02251
25,0.02875,799.6,0.02251
26,0.0295,799.4,0.02251
27,0.03025,799.6,0.03298
28,0.031,799.4,0.02251
29,0.03175,799.5,0.02251
30,0.0325,799.6,0.03298
31,0.03325,799.6,0.03298
32,0.034,799.4,0.02251
33,0.03475,799.4,0.02251
34,0.0355,799.5,0.02251
35,0.03625,799.5,0.02251
36,0.037,799.5,0.02251
37,0.03775,799.5,0.03298
38,0.0385,799.5,0.02251
39,0.03925,799.7,0.02251
40,0.04,799.6,0.02251
41,0.04075,799.5,0.02251
42,0.0415,799.5,0.03298
43,0.04225,799.5,0.02251
44,0.043,799.6,0.02251
45,0.04375,799.5,0.03298
46,0.0445,799.5,0.02251
47,0.04525,799.4,0.02251
48,0.046,799.5,0.02251
49,0.04675,799.4,0.02251
50,0.0475,799.5,0.02251
51,0.04825,799.5,0.02251
52,0.049,799.4,0.03298
53,0.04975,799.5,0.01204
54,0.0505,799.5,0.02251
55,0.05125,799.5,0.02251
56,0.052,799.6,0.02251
57,0.05275,799.5,0.02251
58,0.0535,799.5,0.03298
59,0.05425,799.5,0.02251
60,0.055,799.5,0.02251
61,0.05575,799.4,0.02251
62,0.0565,799.5,0.03298
63,0.05725,799.5,0.02251
64,0.058,799.5,0.02251
65,0.05875,799.5,0.03298
66,0.0595,799.5,0.02251
67,0.06025,799.6,0.02251
68,0.061,799.7,0.02251
69,0.06175,799.5,0.02251
70,0.0625,799.4,0.02251
71,0.06325,799.6,0.02251
72,0.064,799.4,0.02251
73,0.06475,799.5,0.02251
74,0.0655,799.4,0.02251
75,0.06625,799.6,0.03298
76,0.067,799.5,0.02251
77,0.06775,799.6,0.02251
78,0.0685,799.4,0.03298
79,0.06925,799.4,0.02251
80,0.07,799.3,0.03298
81,0.07075,799.4,0.02251
82,0.0715,799.6,0.02251
83,0.07225,799.5,0.03298
84,0.073,799.5,0.02251
85,0.07375,799.6,0.02251
86,0.0745,799.5,0.03298
87,0.07525,799.6,0.02251
88,0.076,799.5,0.02251
89,0.07675,799.5,0.03298
90,0.0775,799.4,0.02251
91,0.07825,799.4,0.02251
92,0.079,799.4,0.02251
93,0.07975,799.4,0.02251
94,0.0805,799.5,0.02251
95,0.08125,799.4,0.02251
96,0.082,799.4,0.02251
97,0.08275,799.6,0.02251
98,0.0835,799.7,0.02251
99,0.08425,799.5,0.02251
100,0.01,799.5,0.02251
101,0.01075,799.5,0.03298
102,0.0115,799.5,0.03298
103,0.01225,799.6,0.02251
104,0.013,799.6,0.02251
105,0.01375,799.5,0.02251
106,0.0145,799.5,0.03298
107,0.01525,799.7,0.02251
108,0.016,799.5,0.02251
109,0.01675,799.6,0.02251
110,0.0175,799.5,0.02251
111,0.01825,799.5,0.02251
112,0.019,799.5,0.02251
113,0.01975,799.4,0.03298
114,0.0205,799.5,0.02251
115,0.02125,799.4,0.02251
116,0.022,799.4,0.02251
117,0.02275,799.8,0.02251
118,0.0235,799.4,0.02251
119,0.02425,799.4,0.02251
120,0.025,799.5,0.02251
121,0.02575,799.4,0.02251
122,0.0265,799.4,0.02251
123,0.02725,799.5,0.02251
124,0.028,799.4,0.02251
125,0.02875,799.7,0.03298
126,0.0295,799.4,0.02251
127,0.03025,799.5,0.02251
128,0.031,799.7,0.02251
129,0.03175,799.7,0.02251
130,0.0325,799.5,0.02251
131,0.03325,799.4,0.02251
132,0.034,799.4,0.02251
133,0.03475,799.5,0.02251
134,0.0355,799.7,0.02251
135,0.03625,799.5,0.02251
136,0.037,799.4,0.03298
137,0.03775,799.7,0.02251
138,0.0385,799.5,0.02251
139,0.03925,799.7,0.02251
140,0.04,799.5,0.03298
141,0.04075,799.5,0.03298
142,0.0415,799.3,0.02251
143,0.04225,799.4,0.02251
144,0.043,799.7,0.03298
145,0.04375,799.5,0.02251
146,0.0445,799.4,0.02251
147,0.04525,799.4,0.01204
148,0.046,799.4,0.02251
149,0.04675,799.6,0.02251
150,0.0475,799.6,0.02251
151,0.04825,799.4,0.03298
152,0.049,799.3,0.02251
153,0.04975,799.6,0.02251
154,0.0505,799.5,0.02251
155,0.05125,799.5,0.03298
156,0.052,799.6,0.02251
157,0.05275,799.7,0.02251
158,0.0535,799.4,0.02251
159,0.05425,799.4,0.02251
160,0.055,799.5,0.02251
161,0.05575,799.5,0.02251
162,0.0565,799.7,0.02251
163,0.05725,799.4,0.02251
164,0.058,799.5,0.02251
165,0.05875,799.5,0.03298
166,0.0595,799.6,0.02251
167,0.06025,799.5,0.02251
168,0.061,799.5,0.02251
169,0.06175,799.8,0.02251
170,0.0625,799.4,0.02251
171,0.06325,799.4,0.03298
172,0.064,799.6,0.02251
173,0.06475,799.5,0.02251
174,0.0655,799.4,0.02251
175,0.06625,799.4,0.02251
176,0.067,799.5,0.02251
177,0.06775,799.5,0.02251
178,0.0685,799.4,0.02251
179,0.06925,799.5,0.02251
180,0.07,799.4,0.02251
181,0.07075,799.4,0.02251
182,0.0715,799.5,0.02251
183,0.07225,799.5,0.02251
184,0.073,799.4,0.03298
185,0.07375,799.6,0.02251
186,0.0745,799.5,0.02251
187,0.07525,799.5,0.02251
188,0.076,799.4,0.02251
189,0.07675,799.5,0.02251
190,0.0775,799.4,0.02251
191,0.07825,799.5,0.02251
192,0.079,799.7,0.02251
193,0.07975,799.5,0.02251
194,0.0805,799.8,0.02251
195,0.08125,799.3,0.02251
196,0.082,799.3,0.02251
197,0.08275,799.4,0.03298
198,0.0835,799.7,0.03298
199,0.08425,799.5,0.02251
200,0.085,799.5,0.02251
201,0.08575,799.4,0.02251
202,0.0865,799.7,0.02251
203,0.08725,799.4,0.03298
204,0.088,799.7,0.02251
205,0.08875,799.4,0.03298
206,0.0895,799.4,0.03298
207,0.09025,799.4,0.03298
208,0.091,799.4,0.02251
209,0.09175,799.5,0.03298
210,0.0925,799.5,0.02251
211,0.09325,799.4,0.02251
212,0.094,799.4,0.02251
213,0.09475,799.4,0.02251
214,0.0955,799.6,0.02251
215,0.09625,799.4,0.03298
216,0.097,799.6,0.03298
217,0.09775,800.3,0.03298
218,0.0985,799.5,0.02251
219,0.09925,799.6,0.02251
220,0.1,799.4,0.02251
221,0.1007,799.5,0.02251
222,0.1013,799.7,0.02251
223,0.102,799.5,0.02251
224,0.1027,799.5,0.02251
225,0.1033,799.4,0.02251
226,0.104,799.4,0.02251
227,0.1047,799.6,0.02251
228,0.1053,799.5,0.03298
229,0.106,799.6,0.03298
230,0.1067,799,0.02251
231,0.1073,799.5,0.02251
232,0.108,799.5,0.02251
233,0.1087,799.4,0.02251
234,0.1093,799.4,0.02251
235,0.11,799.5,0.03298
236,0.1107,799.5,0.02251
237,0.1113,799.6,0.02251
238,0.112,800.8,0.03298
239,0.1127,799.5,0.02251
240,0.1133,799.4,0.02251
241,0.114,800.4,0.02251
242,0.1147,799.6,0.02251
243,0.1153,799.4,0.02251
244,0.116,799.6,0.02251
245,0.1167,799.4,0.02251
246,0.1173,799.5,0.03298
247,0.118,799.4,0.02251
248,0.1187,799.6,0.03298
249,0.1193,799.6,0.02251
250,0.12,799.7,0.02251
251,0.1207,799.5,0.02251
252,0.1213,799.5,0.03298
253,0.122,799.5,0.02251
254,0.1227,799.6,0.02251
255,0.1233,799.6,0.02251
256,0.124,799.4,0.02251
257,0.1247,799.4,0.03298
258,0.1253,799.4,0.02251
259,0.126,799.6,0.02251
260,0.1267,799.7,0.02251
261,0.1273,799.4,0.02251
262,0.128,799.5,0.03298
263,0.1287,799.4,0.02251
264,0.1293,799.5,0.02251
265,0.13,799.5,0.02251
266,0.1307,799.6,0.03298
267,0.1313,799.5,0.02251
268,0.132,799.5,0.02251
269,0.1327,799.5,0.02251
270,0.1333,799.4,0.02251
271,0.134,799.4,0.03298
272,0.1347,799.4,0.02251
273,0.1353,799.4,0.02251
274,0.136,799.4,0.02251
275,0.1367,799.5,0.03298
276,0.1373,799.4,0.02251
277,0.138,799.5,0.02251
278,0.1387,799.5,0.03298
279,0.1393,799.6,0.02251
280,0.14,799.6,0.02251
281,0.1407,799.4,0.02251
282,0.1413,799.4,0.02251
283,0.142,800.2,0.02251
284,0.1427,799.7,0.02251
285,0.1433,799.4,0.02251
286,0.144,799.5,0.02251
287,0.1447,799.5,0.02251
288,0.1453,799.5,0.02251
289,0.146,799.5,0.02251
290,0.1467,799.6,0.02251
291,0.1473,799.5,0.02251
292,0.148,799.4,0.02251
293,0.1487,799.4,0.02251
294,0.1493,799.4,0.02251
295,0.15,799.4,0.02251
296,0.1507,799.4,0.02251
297,0.1513,799.7,0.03298
298,0.152,799.4,0.03298
299,0.1527,799.4,0.02251
300,0.1533,799.5,0.02251
301,0.154,799.4,0.02251
302,0.1547,799.6,0.02251
303,0.1553,799.6,0.03298
304,0.156,799.4,0.02251
305,0.1567,799.3,0.02251
306,0.1573,799.4,0.02251
307,0.158,799.4,0.02251
308,0.1587,799.6,0.02251
309,0.1593,799.4,0.02251
310,0.16,799,0.02251
311,0.1607,799.7,0.02251
312,0.1613,799.4,0.03298
313,0.162,799.4,0.03298
314,0.1627,799.4,0.02251
315,0.1633,799.4,0.03298
316,0.164,799.6,0.03298
317,0.1647,799.6,0.02251
318,0.1653,799.5,0.02251
319,0.166,799.4,0.02251
320,0.1667,799.5,0.02251
321,0.1673,799.4,0.02251
322,0.168,799.4,0.02251
323,0.1687,799.5,0.02251
324,0.1693,799.4,0.03298
325,0.17,799.4,0.02251
326,0.1707,799.5,0.02251
327,0.1713,799.2,0.02251
328,0.172,799.1,0.02251
329,0.1727,799.6,0.02251
330,0.1733,799.4,0.02251
331,0.174,799.5,0.02251
332,0.1747,799.7,0.02251
333,0.1753,799.4,0.02251
334,0.176,799.4,0.03298
335,0.1767,799.6,0.02251
336,0.1773,801,0.03298
337,0.178,799.5,0.03298
338,0.1787,799.5,0.02251
339,0.1793,799.5,0.02251
340,0.18,799.5,0.03298
341,0.1807,799.5,0.03298
342,0.1813,800,0.02251
343,0.182,799.5,0.02251
344,0.1827,799,0.02251
345,0.1833,799.6,0.02251
346,0.184,799.6,0.02251
347,0.1847,799,0.02251
348,0.1853,799.5,0.03298
349,0.186,799.6,0.02251
350,0.1867,799.8,0.02251
351,0.1873,799.3,0.03298
352,0.188,799.4,0.02251
353,0.1887,799.5,0.02251
354,0.1893,799.5,0.03298
355,0.19,799.5,0.03298
356,0.1907,799.4,0.02251
357,0.1913,800.1,0.03298
358,0.192,799.4,0.02251
359,0.1927,799.5,0.02251
360,0.1933,799.6,0.01204
361,0.194,799.3,0.02251
362,0.1947,799.5,0.02251
363,0.1953,799.3,0.02251
364,0.196,799.4,0.02251
365,0.1967,799.3,0.02251
366,0.1973,799.4,0.02251
367,0.198,799.4,0.02251
368,0.1987,799.6,0.02251
369,0.1993,799.8,0.02251
370,0.2,799.2,0.02251
371,0.2007,799.8,0.02251
372,0.2013,799.3,0.02251
373,0.202,799.5,0.02251
374,0.2027,799.5,0.02251
375,0.2033,799.5,0.02251
376,0.204,799.9,0.02251
377,0.2047,799.3,0.02251
378,0.2053,799.5,0.02251
379,0.206,799.5,0.03298
380,0.2067,799.6,0.03298
381,0.2073,801.1,0.02251
382,0.208,800,0.02251
383,0.2087,799.5,0.02251
384,0.2093,799.4,0.02251
385,0.21,801.2,0.03298
386,0.2107,799.6,0.02251
387,0.2113,799,0.02251
388,0.212,799.5,0.02251
389,0.2127,799.5,0.02251
390,0.2133,799.5,0.02251
391,0.214,799.4,0.02251
392,0.2147,799.5,0.02251
393,0.2153,799,0.02251
394,0.216,799,0.02251
395,0.2167,799.6,0.02251
396,0.2173,799.6,0.02251
397,0.218,799.4,0.01204
398,0.2187,799.4,0.02251
399,0.2193,799.4,0.01204
400,0.22,799.5,0.03298
401,0.2207,799.6,0.02251
402,0.2213,799.4,0.02251
403,0.222,799.3,0.02251
404,0.2227,800,0.01204
405,0.2233,799.6,0.02251
406,0.224,799.5,0.02251
407,0.2247,799.5,0.02251
408,0.2253,799.5,0.02251
409,0.226,799.5,0.02251
410,0.2267,799.5,0.02251
411,0.2273,799.4,0.02251
412,0.228,801.6,0.01204
413,0.2287,799.4,0.02251
414,0.2293,799.3,0.02251
415,0.23,799.5,0.03298
416,0.2307,799.8,0.03298
417,0.2313,799.5,0.02251
418,0.232,799.4,0.02251
419,0.2327,799.5,0.02251
420,0.2333,799.5,0.02251
421,0.234,799.4,0.02251
422,0.2347,799.5,0.02251
423,0.2353,799.4,0.02251
424,0.236,799.6,0.03298
425,0.2367,799.5,0.02251
426,0.2373,799.5,0.02251
427,0.238,800.1,0.02251
428,0.2387,799.3,0.02251
429,0.2393,799.5,0.03298
430,0.24,799.5,0.02251
431,0.2407,799.4,0.02251
432,0.2413,799.5,0.03298
433,0.242,799.5,0.02251
434,0.2427,799.4,0.02251
435,0.2433,799.1,0.02251
436,0.244,799.4,0.02251
437,0.2447,799.5,0.02251
438,0.2453,799.5,0.02251
439,0.246,799.6,0.02251
440,0.2467,799.5,0.02251
441,0.2473,799.4,0.02251
442,0.248,799.4,0.03298
443,0.2487,800,0.02251
444,0.2493,799.6,0.02251
445,0.25,799.6,0.02251
446,0.2507,799.5,0.02251
447,0.2513,799,0.02251
448,0.252,800.2,0.02251
449,0.2527,799.4,0.02251
450,0.2533,799.4,0.02251
451,0.254,799,0.02251
452,0.2547,802.2,0.02251
453,0.2553,803.3,0.02251
454,0.256,805,0.02251
455,0.2567,806.3,0.02251
456,0.2573,807.8,0.02251
457,0.258,809.3,0.03298
458,0.2587,810.8,0.02251
459,0.2593,812.2,0.03298
460,0.26,813.8,0.02251
461,0.2607,814.8,0.02251
462,0.2613,816,0.02251
463,0.262,816.9,0.03298
464,0.2627,817.8,0.02251
465,0.2633,819.1,0.03298
466,0.264,819.6,0.03298
467,0.2647,821.3,0.02251
468,0.2653,822.6,0.02251
469,0.266,823.7,0.02251
470,0.2667,824.9,0.02251
471,0.2673,825.7,0.02251
472,0.268,828.1,0.03298
473,0.2687,827.9,0.02251
474,0.2693,828.8,0.02251
475,0.27,829.8,0.02251
476,0.2707,831,0.02251
477,0.2713,831.9,0.03298
478,0.272,833.8,0.02251
479,0.2727,833.9,0.02251
480,0.2733,835,0.02251
481,0.274,835.8,0.02251
482,0.2747,837,0.03298
483,0.2753,838.1,0.03298
484,0.276,838.9,0.02251
485,0.2767,839.9,0.02251
486,0.2773,840.8,0.02251
487,0.278,841.8,0.01204
488,0.2787,842.6,0.02251
489,0.2793,843.2,0.03298
490,0.28,844.2,0.02251
491,0.2807,844,0.02251
492,0.2813,846.1,0.02251
493,0.282,846.8,0.02251
494,0.2827,847.8,0.02251
495,0.2833,848.7,0.02251
496,0.284,849.5,0.01204
497,0.2847,850.3,0.01204
498,0.2847,851,0.02251
499,0.2813,852,0.02251
500,0.2847,852.7,0.03298
501,0.288,853.5,0.02251
502,0.2913,855.6,0.03298
503,0.2947,854.6,0.03298
504,0.298,855.2,0.02251
505,0.3013,854.4,0.02251
506,0.3047,856.7,0.03298
507,0.308,857.8,0.01204
508,0.3113,858.8,0.01204
509,0.3147,860,0.02251
510,0.318,861.4,0.03298
511,0.3213,862.7,0.02251
512,0.3247,863.6,0.02251
513,0.328,864.8,0.02251
514,0.3313,866.1,0.02251
515,0.3347,867.1,0.02251
516,0.338,868.5,0.001575
517,0.3413,870,0.02251
518,0.3447,871.2,0.03298
519,0.348,872.5,0.02251
520,0.3513,873.7,0.02251
521,0.3547,874.9,0.02251
522,0.358,876.3,0.02251
523,0.3613,878,0.02251
524,0.3647,879.7,0.01204
525,0.368,880.9,0.03298
526,0.3713,882.2,0.02251
527,0.3747,883.6,0.02251
528,0.378,884.9,0.02251
529,0.3813,886.4,0.03298
530,0.3847,887.9,0.02251
531,0.388,889.4,0.02251
532,0.3913,890.9,0.02251
533,0.3947,892.6,0.02251
534,0.398,894,0.02251
535,0.4013,895.3,0.03298
536,0.398,896.7,0.02251
537,0.3947,898.3,0.02251
538,0.3913,899.8,0.03298
539,0.388,901,0.02251
540,0.3847,900.9,0.02251
541,0.3813,903.3,0.02251
542,0.378,904.5,0.02251
543,0.3747,905.6,0.02251
544,0.3713,906.5,0.03298
545,0.368,907.5,0.02251
546,0.3647,907.4,0.02251
547,0.3613,908.4,0.02251
548,0.358,909,0.02251
549,0.3547,909.4,0.03298
550,0.3513,909.8,0.02251
551,0.348,909.9,0.03298
552,0.3447,910.3,0.02251
553,0.3413,910.3,0.02251
554,0.338,910.2,0.02251
555,0.3347,910.2,0.001575
556,0.3313,909.8,0.02251
557,0.328,909.8,0.01204
558,0.3247,910.2,0.001575
559,0.3213,909.3,0.02251
560,0.318,909.5,0.02251
561,0.3147,908.7,0.03298
562,0.3113,908.8,0.02251
563,0.308,907.9,0.01204
564,0.3047,907.5,0.02251
565,0.3013,907.3,0.03298
566,0.298,907.9,0.02251
567,0.2947,906.7,0.02251
568,0.2913,905.9,0.02251
569,0.288,905.4,0.02251
570,0.2847,904.8,0.02251
571,0.2813,904.1,0.02251
572,0.278,902.9,0.03298
573,0.2813,902.2,0.02251
574,0.2847,901.2,0.02251
575,0.288,900.5,0.01204
576,0.2913,900.8,0.01204
577,0.288,898.9,0.02251
578,0.2913,897.6,0.02251
579,0.2947,897.9,0.02251
580,0.298,896.9,0.03298
581,0.3013,896.9,0.02251
582,0.3047,896.6,0.01204
583,0.308,896.3,0.01204
584,0.3113,896.1,0.01204
585,0.3147,896,0.02251
586,0.318,896.3,0.02251
587,0.3213,896.4,0.03298
588,0.3247,896.7,0.03298
589,0.328,896.9,0.02251
590,0.3313,898.5,0.03298
591,0.328,896.4,0.02251
592,0.3313,896.1,0.02251
593,0.3347,898.1,0.03298
594,0.3313,898.9,0.02251
595,0.328,899.2,0.02251
596,0.3247,899.8,0.02251
597,0.3213,900,0.02251
598,0.318,900.4,0.02251
599,0.3147,900.7,0.02251
600,0.3113,900.7,0.03298
601,0.308,902.6,0.02251
602,0.3047,900.8,0.02251
603,0.308,900.9,0.02251
604,0.3113,900.9,0.03298
605,0.308,900.8,0.01204
606,0.3047,900.7,0.001575
607,0.3013,900.6,0.02251
608,0.298,900.6,0.02251
609,0.2947,902,0.01204
610,0.2913,900.5,0.03298
611,0.2947,901.4,0.02251
612,0.2913,899.6,0.02251
613,0.2947,899,0.01204
614,0.298,898.7,0.02251
615,0.3013,899.1,0.03298
616,0.3047,898,0.02251
617,0.308,897.6,0.02251
618,0.3113,897.5,0.02251
619,0.3147,897.6,0.02251
620,0.318,897,0.02251
621,0.3213,897.8,0.02251
622,0.3247,898.2,0.02251
623,0.328,898.6,0.02251
624,0.3313,898.8,0.02251
625,0.3347,899.4,0.02251
626,0.3313,899.5,0.02251
627,0.3347,901.7,0.03298
628,0.3313,900.3,0.03298
629,0.3347,900.6,0.02251
630,0.3313,901,0.02251
631,0.328,903,0.02251
632,0.3247,902,0.02251
633,0.328,901.4,0.02251
634,0.3313,902.6,0.02251
635,0.328,902.9,0.02251
636,0.3247,903.1,0.03298
637,0.3213,903.3,0.02251
638,0.318,903.6,0.02251
639,0.3147,904,0.02251
640,0.3113,903.6,0.01204
641,0.308,903.2,0.02251
642,0.3047,903.7,0.02251
643,0.3013,903.9,0.02251
644,0.298,903.6,0.02251
645,0.2947,904,0.03298
646,0.2913,903.5,0.02251
647,0.288,903.1,0.01204
648,0.2847,902.5,0.02251
649,0.2813,901.7,0.02251
650,0.2847,900.6,0.03298
651,0.288,900.8,0.03298
652,0.2847,900.1,0.02251
653,0.288,899.3,0.02251
654,0.2913,898.8,0.02251
655,0.2947,898.4,0.02251
656,0.298,897.8,0.02251
657,0.3013,898.1,0.02251
658,0.3047,897.2,0.02251
659,0.308,897.5,0.02251
660,0.3113,900,0.02251
661,0.308,897.8,0.02251
662,0.3113,897.7,0.02251
663,0.3147,897.6,0.02251
664,0.318,898.9,0.02251
665,0.3147,899.4,0.02251
666,0.3113,899,0.02251
667,0.3147,900,0.02251
668,0.3113,899.9,0.01204
669,0.308,900.7,0.02251
670,0.3047,900.1,0.03298
671,0.308,900.9,0.02251
672,0.3047,901.1,0.03298
673,0.3013,901,0.02251
674,0.298,901.1,0.03298
675,0.2947,901.2,0.02251
676,0.2913,900.9,0.03298
677,0.288,900.6,0.01204
678,0.2913,900.1,0.02251
679,0.2947,900.1,0.02251
680,0.298,901.3,0.02251
681,0.2947,899.5,0.02251
682,0.298,898.3,0.02251
683,0.3013,899.1,0.02251
684,0.298,899.1,0.03298
685,0.3013,899.2,0.03298
686,0.3047,898.5,0.02251
687,0.308,898.5,0.02251
688,0.3113,898.8,0.02251
689,0.3147,898.7,0.02251
690,0.318,899.3,0.03298
691,0.3147,899.6,0.02251
692,0.3113,900,0.02251
693,0.308,900.3,0.03298
694,0.3047,900.6,0.03298
695,0.3013,900.9,0.02251
696,0.298,900.9,0.02251
697,0.2947,900.5,0.02251
698,0.298,901,0.03298
699,0.2947,900.7,0.02251
700,0.2913,900.7,0.02251
701,0.288,900.4,0.02251
702,0.2913,900.1,0.02251
703,0.2947,900.1,0.02251
704,0.298,899.4,0.03298
705,0.3013,898,0.02251
706,0.3047,899.3,0.02251
707,0.3013,898.9,0.03298
708,0.3047,898.9,0.02251
709,0.308,897.7,0.03298
710,0.3113,899.1,0.02251
711,0.308,899.1,0.02251
712,0.3113,899.5,0.02251
713,0.308,899.7,0.02251
714,0.3047,898.2,0.03298
715,0.308,898.8,0.02251
716,0.3113,899.9,0.02251
717,0.308,900.4,0.02251
718,0.3047,900.6,0.02251
719,0.3013,900.8,0.02251
720,0.298,900.9,0.03298
721,0.2947,900.3,0.02251
722,0.298,901.5,0.02251
723,0.2947,901.2,0.02251
724,0.2913,901.3,0.03298
725,0.288,901.3,0.02251
726,0.2847,900.3,0.02251
727,0.288,900,0.02251
728,0.2913,900.3,0.02251
729,0.2947,899.2,0.03298
730,0.298,898.8,0.02251
731,0.3013,898.7,0.02251
732,0.3047,899.3,0.02251
733,0.308,900.4,0.02251
734,0.3047,898.6,0.02251
735,0.308,899.5,0.03298
736,0.3047,899,0.02251
737,0.308,899.2,0.02251
738,0.3113,899.7,0.03298
739,0.308,900.9,0.02251
740,0.3047,900,0.02251
741,0.308,900.3,0.02251
742,0.3047,900.7,0.03298
743,0.3013,900.9,0.02251
744,0.298,900.9,0.02251
745,0.2947,901.1,0.02251
746,0.2913,901,0.03298
747,0.288,900.8,0.02251
748,0.2913,900.4,0.03298
749,0.2947,900.2,0.01204
750,0.298,899.8,0.03298
751,0.3013,901.4,0.03298
752,0.298,899.1,0.02251
753,0.3013,899.3,0.02251
754,0.3047,899.1,0.03298
755,0.308,897.8,0.02251
756,0.3113,899.1,0.02251
757,0.308,899.1,0.02251
758,0.3113,899.9,0.03298
759,0.308,899.6,0.02251
760,0.3113,900.2,0.02251
761,0.308,900.7,0.001575
762,0.3047,901,0.02251
763,0.3013,902,0.02251
764,0.298,901.4,0.02251
765,0.3013,901.9,0.02251
766,0.298,902.8,0.02251
767,0.2947,901.5,0.02251
768,0.298,901.3,0.02251
769,0.3013,901.7,0.03298
770,0.298,900.1,0.02251
771,0.3013,900.9,0.001575
772,0.298,901.1,0.02251
773,0.2947,900.9,0.02251
774,0.2913,900.7,0.02251
775,0.288,900.2,0.02251
776,0.2913,900.2,0.03298
777,0.288,900,0.02251
778,0.2913,899.8,0.02251
779,0.2947,899.4,0.001575
780,0.298,899.2,0.02251
781,0.3013,899.2,0.02251
782,0.3047,899,0.02251
783,0.308,898.9,0.02251
784,0.3113,899.2,0.02251
785,0.3147,899.2,0.02251
786,0.318,900.3,0.02251
787,0.3147,899.9,0.03298
788,0.318,900,0.03298
789,0.3147,900.6,0.02251
790,0.3113,900.9,0.03298
791,0.308,901.1,0.03298
792,0.3047,901.5,0.02251
793,0.3013,901.9,0.03298
794,0.298,902.2,0.01204
795,0.2947,902.3,0.02251
796,0.2913,901.9,0.02251
797,0.288,902,0.03298
798,0.2847,901.8,0.02251
799,0.2813,901.3,0.03298
800,0.2847,901,0.02251
801,0.2813,899.3,0.02251
802,0.2847,899.9,0.03298
803,0.2813,899.8,0.02251
804,0.2847,899.2,0.01204
805,0.288,898.8,0.03298
806,0.2913,898.4,0.02251
807,0.2947,898.9,0.02251
808,0.298,897.8,0.03298
809,0.3013,898,0.02251
810,0.3047,897.8,0.02251
811,0.308,898,0.02251
812,0.3113,897.8,0.01204
813,0.3147,898.3,0.02251
814,0.318,898.6,0.01204
815,0.3213,899,0.02251
816,0.3247,899.4,0.03298
817,0.328,900,0.02251
818,0.3247,900.1,0.02251
819,0.3213,900.6,0.02251
820,0.318,902.2,0.02251
821,0.3147,901.7,0.02251
822,0.3113,902.2,0.02251
823,0.308,902.2,0.02251
824,0.3047,902.7,0.02251
825,0.3013,904.2,0.02251
826,0.298,903.1,0.02251
827,0.3013,902.9,0.03298
828,0.298,903,0.03298
829,0.2947,903,0.02251
830,0.2913,902.7,0.001575
831,0.288,902.4,0.03298
832,0.2847,902.1,0.03298
833,0.2813,902,0.02251
834,0.278,901.5,0.02251
835,0.2813,901.1,0.02251
836,0.2847,900.7,0.03298
837,0.288,899.7,0.02251
838,0.2913,899.5,0.02251
839,0.2947,899.4,0.02251
840,0.298,899.1,0.02251
841,0.3013,899.2,0.02251
842,0.3047,898.3,0.02251
843,0.308,899,0.02251
844,0.3077,899.1,0.02251
845,0.3111,897.9,0.02251
846,0.3144,900.2,0.02251
847,0.3111,900.1,0.02251
848,0.3077,900.6,0.01204
849,0.3044,900.9,0.01204
850,0.3011,901.3,0.01204
851,0.2977,901.7,0.02251
852,0.2944,902.1,0.01204
853,0.2911,902.3,0.02251
854,0.2877,902,0.02251
855,0.2844,901.8,0.03298
856,0.2811,902.3,0.02251
857,0.2777,902.9,0.02251
858,0.2744,899,0.02251
859,0.2777,900.2,0.02251
860,0.2744,898.1,0.02251
861,0.2777,899,0.02251
862,0.2744,898.4,0.02251
863,0.2777,898,0.02251
864,0.2811,897.5,0.02251
865,0.2844,897.1,0.01204
866,0.2877,896.5,0.03298
867,0.2911,896,0.02251
868,0.2944,897.1,0.02251
869,0.2911,896.4,0.02251
870,0.2944,895.3,0.02251
871,0.2977,896,0.01204
872,0.3011,896,0.02251
873,0.3044,896.7,0.02251
874,0.3077,896.3,0.02251
875,0.3111,896.7,0.02251
876,0.3144,897,0.03298
877,0.3177,897.5,0.02251
878,0.3211,897.8,0.02251
879,0.3244,898.4,0.03298
880,0.3277,899.3,0.01204
881,0.3244,900,0.02251
882,0.3211,900.8,0.02251
883,0.3177,901.4,0.01204
884,0.3144,902.2,0.03298
885,0.3111,902.8,0.02251
886,0.3077,903.2,0.03298
887,0.3044,904.2,0.02251
888,0.3011,903.8,0.02251
889,0.2977,904.1,0.02251
890,0.2944,904.4,0.02251
891,0.2911,904.2,0.02251
892,0.2877,904,0.03298
893,0.2844,902.6,0.02251
894,0.2877,903.6,0.02251
895,0.2844,903.3,0.02251
896,0.2811,902.7,0.02251
897,0.2777,902.4,0.02251
898,0.2744,902,0.02251
899,0.2711,901.3,0.03298
900,0.2744,900.9,0.02251
901,0.2777,900.2,0.001575
902,0.2811,899.5,0.03298
903,0.2844,899.2,0.02251
904,0.2877,898.8,0.02251
905,0.2911,897.8,0.02251
906,0.2944,898.3,0.02251
907,0.2977,898.3,0.03298
908,0.3011,898.4,0.02251
909,0.3044,897.5,0.02251
910,0.3077,898.5,0.02251
911,0.3044,898.7,0.03298
912,0.3077,899.4,0.02251
913,0.3044,898.9,0.02251
914,0.3077,900.4,0.02251
915,0.3044,900.7,0.03298
916,0.3011,901.1,0.03298
917,0.2977,901.3,0.02251
918,0.2944,901.4,0.02251
919,0.2911,901.4,0.02251
920,0.2877,901.5,0.01204
921,0.2844,901.5,0.01204
922,0.2811,901.6,0.02251
923,0.2777,901,0.02251
924,0.2811,902.4,0.02251
925,0.2777,900.5,0.02251
926,0.2811,900.1,0.02251
927,0.2844,899.7,0.02251
928,0.2877,899,0.02251
929,0.2911,899,0.02251
930,0.2944,899,0.02251
931,0.2977,898.5,0.02251
932,0.3011,898.4,0.01204
933,0.3044,898.5,0.02251
934,0.3077,898.7,0.02251
935,0.3111,899.2,0.02251
936,0.3144,899.2,0.02251
937,0.3177,900,0.02251
938,0.3144,900.3,0.02251
939,0.3111,900.3,0.02251
940,0.3077,902,0.02251
941,0.3044,901.6,0.01204
942,0.3011,902.1,0.02251
943,0.2977,902.5,0.02251
944,0.2944,902.7,0.02251
945,0.2911,902.8,0.03298
946,0.2877,902.6,0.02251
947,0.2844,902.5,0.03298
948,0.2811,902.5,0.02251
949,0.2777,902.3,0.02251
950,0.2744,901.9,0.02251
951,0.2711,901.7,0.02251
952,0.2677,900.4,0.02251
953,0.2711,900.4,0.02251
954,0.2744,900.2,0.02251
955,0.2777,899.4,0.02251
956,0.2811,898.8,0.02251
957,0.2844,898.4,0.01204
958,0.2877,897.8,0.02251
959,0.2911,897.7,0.03298
960,0.2944,897.2,0.02251
961,0.2977,897.6,0.01204
962,0.3011,897.7,0.02251
963,0.3044,897.8,0.02251
964,0.3077,898,0.02251
965,0.3111,898.4,0.03298
966,0.3144,898.9,0.02251
967,0.3177,898.8,0.02251
968,0.3211,899.9,0.02251
969,0.3177,900.6,0.02251
970,0.3144,900.1,0.03298
971,0.3177,901.4,0.01204
972,0.3144,901.9,0.03298
973,0.3111,902.4,0.02251
974,0.3077,903,0.02251
975,0.3044,903.3,0.02251
976,0.3011,903.6,0.02251
977,0.2977,904,0.03298
978,0.2944,904.2,0.001575
979,0.2911,904.3,0.01204
980,0.2877,904.3,0.03298
981,0.2844,903.8,0.02251
982,0.2811,903.6,0.03298
983,0.2777,903.4,0.02251
984,0.2744,903.2,0.02251
985,0.2711,902.8,0.01204
986,0.2677,902.3,0.02251
987,0.2644,901.3,0.03298
988,0.2677,900.9,0.02251
989,0.2711,900.1,0.02251
990,0.2744,899.4,0.02251
991,0.2777,898.9,0.02251
992,0.2811,898.2,0.03298
993,0.2844,897.6,0.02251
994,0.2877,897,0.02251
995,0.2911,897.3,0.01204
996,0.2944,897.1,0.03298
997,0.2977,897,0.02251
998,0.3011,897.3,0.02251
999,0.3044,897.3,0.01204
1000,0.3077,897.4,0.03298
1001,0.3111,898.1,0.03298
1002,0.3144,898,0.02251
1003,0.3177,898.9,0.02251
1004,0.3211,901.4,0.001575
1005,0.3177,901,0.02251
1006,0.3144,900.4,0.03298
1007,0.3177,901,0.01204
1008,0.3144,901.7,0.001575
1009,0.3111,902.1,0.02251
1010,0.3077,902.7,0.02251
1011,0.3044,903.3,0.02251
1012,0.3011,904,0.02251
1013,0.2977,902.9,0.02251
1014,0.3011,904,0.03298
1015,0.2977,904,0.03298
1016,0.2944,904.3,0.02251
1017,0.2911,904,0.02251
1018,0.2877,903.7,0.02251
1019,0.2844,903.8,0.02251
1020,0.2811,903.7,0.03298
1021,0.2777,903.6,0.02251
1022,0.2744,904.8,0.02251
1023,0.2711,902.4,0.02251
1024,0.2744,901.9,0.02251
1025,0.2777,901.4,0.02251
1026,0.2811,900.9,0.03298
1027,0.2844,900.3,0.03298
1028,0.2877,899.9,0.01204
1029,0.2911,899.5,0.02251
1030,0.2944,899.2,0.01204
1031,0.2977,899.3,0.02251
1032,0.3011,899.3,0.02251
1033,0.3044,899.4,0.02251
1034,0.3077,899.3,0.02251
1035,0.3111,899.7,0.02251
1036,0.3144,900.4,0.02251
1037,0.3177,900.9,0.02251
1038,0.3144,900.7,0.02251
1039,0.3177,901.6,0.03298
1040,0.3144,901.7,0.02251
1041,0.3111,902.6,0.02251
1042,0.3077,903.5,0.02251
1043,0.3044,903,0.02251
1044,0.3011,903.1,0.02251
1045,0.2977,904.2,0.02251
1046,0.2944,904.6,0.03298
1047,0.2911,904.7,0.03298
1048,0.2877,904.4,0.03298
1049,0.2844,904.3,0.02251
1050,0.2811,904.3,0.02251
1051,0.2777,903.6,0.02251
1052,0.2744,903.3,0.02251
1053,0.2711,902.9,0.02251
1054,0.2677,902.5,0.03298
1055,0.2644,903.4,0.02251
1056,0.2611,901,0.02251
1057,0.2644,900.2,0.02251
1058,0.2677,899.7,0.02251
1059,0.2711,898.8,0.02251
1060,0.2744,898.3,0.03298
1061,0.2777,897.6,0.02251
1062,0.2811,897.1,0.03298
1063,0.2844,896.9,0.02251
1064,0.2877,897.7,0.02251
1065,0.2911,896.5,0.02251
1066,0.2944,896.4,0.02251
1067,0.2977,898.3,0.02251
1068,0.2944,896.6,0.02251
1069,0.2977,896.7,0.02251
1070,0.3011,897,0.02251
1071,0.3044,897.3,0.03298
1072,0.3077,897.6,0.02251
1073,0.3111,898.4,0.02251
1074,0.3144,898.5,0.02251
1075,0.3177,899,0.02251
1076,0.3211,899.5,0.02251
1077,0.3244,900,0.02251
1078,0.3277,900.7,0.02251
1079,0.3244,901.2,0.02251
1080,0.3211,901.7,0.02251
1081,0.3177,902.5,0.03298
1082,0.3144,902.9,0.03298
1083,0.3111,903.5,0.03298
1084,0.3077,903.5,0.02251
1085,0.3044,904.2,0.03298
1086,0.3011,904.6,0.03298
1087,0.2977,904.6,0.01204
1088,0.2944,903.4,0.02251
1089,0.2977,904.9,0.03298
1090,0.2944,905.2,0.02251
1091,0.2911,905.6,0.001575
1092,0.2877,904.6,0.01204
1093,0.2844,904.6,0.001575
1094,0.2811,904,0.02251
1095,0.2777,903.7,0.02251
1096,0.2744,903.2,0.02251
1097,0.2711,902.7,0.02251
1098,0.2677,902.2,0.01204
1099,0.2711,901.7,0.03298
1100,0.2744,901.2,0.02251
1101,0.2777,900.3,0.02251
1102,0.2811,900,0.03298
1103,0.2844,900.1,0.02251
1104,0.2877,899,0.02251
1105,0.2911,899.3,0.03298
1106,0.2944,898.5,0.01204
1107,0.2977,898.9,0.02251
1108,0.3011,896.2,0.03298
1109,0.3044,898.5,0.02251
1110,0.3077,898.9,0.03298
1111,0.3111,896.7,0.02251
1112,0.3144,899.7,0.02251
1113,0.3111,900.1,0.02251
1114,0.3144,899.8,0.02251
1115,0.3177,901.6,0.03298
1116,0.3211,901.9,0.01204
1117,0.3244,902.4,0.02251
1118,0.3277,902.6,0.02251
1119,0.3311,902.8,0.02251
1120,0.3344,901.7,0.02251
1121,0.3377,904.4,0.02251
1122,0.3344,904.9,0.03298
1123,0.3377,904.5,0.03298
1124,0.3411,905.5,0.02251
1125,0.3444,906.9,0.02251
1126,0.3477,907.7,0.03298
1127,0.3511,909,0.02251
1128,0.3544,908,0.03298
1129,0.3577,909.7,0.02251
1130,0.3544,910.6,0.03298
1131,0.3576,912.9,0.02251
1132,0.3543,912.4,0.02251
1133,0.3576,913.1,0.02251
1134,0.3543,913.8,0.02251
1135,0.3509,914.8,0.001575
1136,0.3476,915.3,0.02251
1137,0.3443,916,0.02251
1138,0.3409,917,0.02251
1139,0.3376,916.9,0.02251
1140,0.3343,915.7,0.001575
1141,0.3376,916.1,0.01204
1142,0.3343,917.9,0.03298
1143,0.3309,917.7,0.02251
1144,0.3276,918.1,0.02251
1145,0.3243,918.1,0.03298
1146,0.3209,918,0.02251
1147,0.3176,918.1,0.03298
1148,0.3143,918,0.02251
1149,0.3176,918,0.02251
1150,0.3209,917.6,0.02251
1151,0.3243,917.6,0.02251
1152,0.3276,917.4,0.03298
1153,0.3309,917.5,0.02251
1154,0.3343,917.3,0.02251
1155,0.3376,917.2,0.03298
1156,0.3409,917.3,0.02251
1157,0.3443,917.3,0.02251
1158,0.3476,917.8,0.01204
1159,0.3509,918.3,0.02251
1160,0.3543,918.5,0.01204
1161,0.3576,918.2,0.02251
1162,0.3609,919.4,0.02251
1163,0.3643,920,0.02251
1164,0.3676,920.4,0.02251
1165,0.3709,921.7,0.02251
1166,0.3743,921.8,0.03298
1167,0.3776,922.2,0.03298
1168,0.3809,923.1,0.03298
1169,0.3843,923.9,0.02251
1170,0.3876,924.8,0.02251
1171,0.3843,926.9,0.02251
1172,0.3809,926.1,0.02251
1173,0.3843,926.9,0.03298
1174,0.3809,927.8,0.02251
1175,0.3776,927.9,0.02251
1176,0.3743,929.4,0.02251
1177,0.3709,929.9,0.03298
1178,0.3676,930.4,0.02251
1179,0.3643,930.6,0.02251
1180,0.3609,932.2,0.02251
1181,0.3576,931.1,0.01204
1182,0.3609,931.6,0.03298
1183,0.3576,931.9,0.02251
1184,0.3543,930.1,0.02251
1185,0.3576,932.3,0.01204
1186,0.3543,932,0.03298
1187,0.3509,932.2,0.01204
1188,0.3476,932.2,0.02251
1189,0.3443,931.6,0.02251
1190,0.3476,931.6,0.02251
1191,0.3509,931.7,0.02251
1192,0.3543,931.2,0.001575
1193,0.3576,931.3,0.02251
1194,0.3609,931.2,0.02251
1195,0.3643,929.4,0.02251
1196,0.3676,931.3,0.02251
1197,0.3643,931.7,0.02251
1198,0.3676,931.7,0.001575
1199,0.3709,931.9,0.02251
1200,0.3743,932.3,0.02251
1201,0.3776,932.5,0.02251
1202,0.3809,933,0.02251
1203,0.3843,933.2,0.03298
1204,0.3876,933.5,0.02251
1205,0.3909,934.2,0.02251
1206,0.3943,934.5,0.02251
1207,0.3976,935.3,0.02251
1208,0.4009,935.7,0.01204
1209,0.4043,936.6,0.02251
1210,0.4076,936.7,0.02251
1211,0.4109,937.3,0.03298
1212,0.4143,938.5,0.01204
1213,0.4109,940.6,0.01204
1214,0.4076,939.4,0.01204
1215,0.4109,940.9,0.02251
1216,0.4076,941.8,0.02251
1217,0.4043,942.1,0.01204
1218,0.4009,942.6,0.02251
1219,0.3976,943.1,0.02251
1220,0.3943,941.6,0.01204
1221,0.3976,944,0.03298
1222,0.3943,945,0.01204
1223,0.3909,944.6,0.03298
1224,0.3876,944.8,0.02251
1225,0.3843,945.2,0.03298
1226,0.3809,945.3,0.02251
1227,0.3776,945.5,0.03298
1228,0.3743,945.9,0.02251
1229,0.3709,944.9,0.02251
1230,0.3743,945,0.02251
1231,0.3776,945.1,0.02251
1232,0.3809,944.7,0.03298
1233,0.3843,944.8,0.02251
1234,0.3876,944.7,0.02251
1235,0.3909,944.7,0.02251
1236,0.3943,944.3,0.02251
1237,0.3976,944.5,0.02251
1238,0.4009,944.7,0.03298
1239,0.4043,945,0.03298
1240,0.4076,945.3,0.02251
1241,0.4109,945.8,0.02251
1242,0.4143,948,0.03298
1243,0.4109,946.6,0.02251
1244,0.4143,947.5,0.03298
1245,0.4176,946.7,0.02251
1246,0.4209,948,0.02251
1247,0.4243,948.7,0.02251
1248,0.4276,949.5,0.02251
1249,0.4309,951.1,0.03298
1250,0.4276,953.5,0.02251
1251,0.4243,956.3,0.02251
1252,0.4209,959.7,0.03298
1253,0.4176,962.6,0.02251
1254,0.4143,966.1,0.02251
1255,0.4109,967.3,0.02251
1256,0.4076,968.1,0.02251
1257,0.4043,968.2,0.02251
1258,0.4009,967.7,0.02251
1259,0.3976,968.3,0.02251
1260,0.3943,966.5,0.02251
1261,0.3909,965.9,0.02251
1262,0.3876,965.1,0.02251
1263,0.3843,964.4,0.02251
1264,0.3809,963.5,0.03298
1265,0.3776,963.1,0.001575
1266,0.3743,962.2,0.02251
1267,0.3709,961.6,0.03298
1268,0.3676,960.6,0.03298
1269,0.3709,959.8,0.02251
1270,0.3743,959.2,0.02251
1271,0.3776,958.2,0.02251
1272,0.3809,957.5,0.02251
1273,0.3843,956.7,0.02251
1274,0.3876,956.3,0.02251
1275,0.3909,955.5,0.02251
1276,0.3943,955.3,0.01204
1277,0.3976,955,0.02251
1278,0.4009,955.5,0.03298
1279,0.4043,955.1,0.02251
1280,0.4076,954.7,0.02251
1281,0.4109,954.8,0.02251
1282,0.4143,955,0.02251
1283,0.4176,952.6,0.02251
1284,0.4209,954.2,0.02251
1285,0.4243,955.7,0.02251
1286,0.4276,955.9,0.01204
1287,0.4309,957,0.02251
1288,0.4343,958.1,0.03298
1289,0.4376,962,0.02251
1290,0.4343,964.8,0.03298
1291,0.4309,967.7,0.03298
1292,0.4276,970,0.02251
1293,0.4243,973.2,0.001575
1294,0.4209,973.7,0.03298
1295,0.4176,977.9,0.02251
1296,0.4143,979.7,0.03298
1297,0.4109,981,0.02251
1298,0.4076,981.3,0.01204
1299,0.4043,981,0.02251
1300,0.4009,978.8,0.03298
1301,0.3976,979.1,0.02251
1302,0.3943,977.9,0.03298
1303,0.3909,976.5,0.02251
1304,0.3876,974.9,0.02251
1305,0.3909,974.2,0.02251
1306,0.3876,973,0.01204
1307,0.3909,972,0.02251
1308,0.3943,970.2,0.03298
1309,0.3976,969.9,0.02251
1310,0.4009,969.1,0.03298
1311,0.4043,968.3,0.02251
1312,0.4076,967.7,0.02251
1313,0.4109,967.1,0.02251
1314,0.4143,966.7,0.02251
1315,0.4176,966.2,0.02251
1316,0.4209,966,0.02251
1317,0.4243,965.3,0.02251
1318,0.4276,966,0.01204
1319,0.4309,965.9,0.01204
1320,0.4343,969.2,0.03298
1321,0.4309,970.2,0.01204
1322,0.4343,972.9,0.02251
1323,0.4309,975.4,0.02251
1324,0.4276,977.5,0.01204
1325,0.4243,980.2,-0.008893
1326,0.4209,982.1,0.02251
1327,0.4176,985.8,0.02251
1328,0.4143,986,0.02251
1329,0.4109,987,0.02251
1330,0.4076,986.5,0.03298
1331,0.4043,986.3,0.02251
1332,0.4009,984.9,0.02251
1333,0.4043,983.7,0.02251
1334,0.4076,982.2,0.03298
1335,0.4109,981.1,0.02251
1336,0.4143,980.2,0.02251
1337,0.4176,979,0.02251
1338,0.4209,978,0.03298
1339,0.4243,977.4,0.02251
1340,0.4276,975.8,0.01204
1341,0.4309,976.3,0.02251
1342,0.4343,977.6,0.01204
1343,0.4376,979.3,0.02251
1344,0.4343,981.5,0.02251
1345,0.4309,983.5,0.02251
1346,0.4276,985.4,0.001575
1347,0.4243,987.6,0.02251
1348,0.4209,989.7,0.02251
1349,0.4176,991.4,0.02251
1350,0.4143,992.5,0.02251
1351,0.4109,992.9,0.03298
1352,0.4076,993.6,0.01204
1353,0.4043,991.6,0.02251
1354,0.4076,990.1,0.01204
1355,0.4109,988.7,0.02251
1356,0.4143,987.2,0.03298
1357,0.4176,985.8,0.01204
1358,0.4209,984.5,0.001575
1359,0.4243,983.5,0.001575
1360,0.4276,980.9,0.02251
1361,0.4309,982.3,0.02251
1362,0.4343,980.9,0.02251
1363,0.4376,983.6,0.02251
1364,0.4343,985.2,0.02251
1365,0.4376,987.4,0.02251
1366,0.4343,990.3,0.03298
1367,0.4309,990.5,0.02251
1368,0.4276,993,0.02251
1369,0.4243,994.5,0.02251
1370,0.4209,996.4,0.03298
1371,0.4176,997.5,0.02251
1372,0.4143,998.1,0.02251
1373,0.4109,998.8,0.02251
1374,0.4076,998.4,0.02251
1375,0.4043,997,0.03298
1376,0.4076,995.4,0.02251
1377,0.4109,993.7,0.02251
1378,0.4143,992.5,0.03298
1379,0.4176,990.7,0.01204
1380,0.4209,988.9,0.02251
1381,0.4243,987.7,0.03298
1382,0.4276,986.5,0.02251
1383,0.4309,985.8,0.01204
1384,0.4343,986.3,0.03298
1385,0.4376,987.8,0.001575
1386,0.4409,989.4,0.01204
1387,0.4443,991,0.02251
1388,0.4476,993.1,0.02251
1389,0.4443,995.1,0.01204
1390,0.4409,997,0.02251
1391,0.4376,998,0.02251
1392,0.4343,1001,0.02251
1393,0.4309,1002,0.02251
1394,0.4276,1003,0.02251
1395,0.4243,1005,0.02251
1396,0.4209,1006,0.02251
1397,0.4176,1007,0.03298
1398,0.4143,1007,0.02251
1399,0.4109,1006,0.02251
1400,0.4076,1005,0.01204
1401,0.4109,1004,0.02251
1402,0.4143,1001,0.001575
1403,0.4176,999.4,0.02251
1404,0.4209,997.8,0.02251
1405,0.4243,996,0.02251
1406,0.4276,994.5,0.02251
1407,0.4309,993.7,0.02251
1408,0.4343,993.7,0.02251
1409,0.4376,994.8,0.03298
1410,0.4409,996.4,0.02251
1411,0.4443,997.9,0.03298
1412,0.4476,999.1,0.02251
1413,0.4509,1001,0.02251
1414,0.4543,1003,0.02251
1415,0.4509,1004,0.02251
1416,0.4476,1006,0.02251
1417,0.4443,1008,0.02251
1418,0.4409,1010,0.02251
1419,0.4376,1011,0.02251
1420,0.4343,1012,0.01204
1421,0.4309,1013,0.01204
1422,0.4276,1014,0.02251
1423,0.4243,1015,0.02251
1424,0.4209,1015,0.03298
1425,0.4176,1015,0.02251
1426,0.4143,1015,0.03298
1427,0.4109,1014,0.02251
1428,0.4143,1013,0.02251
1429,0.4176,1011,0.03298
1430,0.4209,1009,0.03298
1431,0.4243,1007,0.02251
1432,0.4276,1005,0.02251
1433,0.4309,1004,0.01204
1434,0.4343,1003,0.02251
1435,0.4376,1004,0.02251
1436,0.4409,1004,0.01204
1437,0.4443,1006,0.03298
1438,0.4476,1007,0.01204
1439,0.4509,1010,0.02251
1440,0.4476,1010,0.02251
1441,0.4509,1012,0.02251
1442,0.4476,1013,0.03298
1443,0.4443,1015,0.03298
1444,0.4409,1016,0.03298
1445,0.4376,1017,0.02251
1446,0.4343,1018,0.02251
1447,0.4309,1018,0.02251
1448,0.4343,1019,0.01204
1449,0.4309,1020,0.02251
1450,0.4276,1020,0.01204
1451,0.4243,1021,0.02251
1452,0.4209,1020,0.02251
1453,0.4242,1020,0.02251
1454,0.4276,1020,0.02251
1455,0.4242,1020,0.02251
1456,0.4276,1021,0.02251
1457,0.4242,1020,0.01204
1458,0.4276,1020,0.02251
1459,0.4309,1021,0.02251
1460,0.4342,1020,0.02251
1461,0.4376,1021,0.02251
1462,0.4409,1021,0.02251
1463,0.4442,1022,0.02251
1464,0.4476,1022,0.02251
1465,0.4509,1022,0.02251
1466,0.4542,1023,0.02251
1467,0.4576,1024,0.03298
1468,0.4542,1025,0.02251
1469,0.4509,1026,0.03298
1470,0.4476,1027,0.02251
1471,0.4442,1028,0.03298
1472,0.4409,1028,0.02251
1473,0.4376,1029,0.02251
1474,0.4342,1029,0.03298
1475,0.4309,1029,0.02251
1476,0.4276,1030,0.02251
1477,0.4242,1029,0.03298
1478,0.4213,1029,0.02251
1479,0.418,1029,0.01204
1480,0.4213,1029,0.02251
1481,0.418,1027,0.03298
1482,0.4213,1026,0.02251
1483,0.4246,1025,0.02251
1484,0.428,1024,0.03298
1485,0.4313,1023,0.03298
1486,0.4346,1023,0.02251
1487,0.438,1023,0.02251
1488,0.4413,1024,0.02251
1489,0.4446,1024,0.01204
1490,0.448,1024,0.02251
1491,0.4513,1025,0.01204
1492,0.4546,1025,0.02251
1493,0.458,1025,0.02251
1494,0.4613,1027,0.02251
1495,0.458,1028,0.01204
1496,0.4613,1030,0.03298
1497,0.4646,1032,0.02251
1498,0.4613,1033,0.02251
1499,0.458,1033,0.02251
1500,0.4613,1034,0.02251
1501,0.458,1036,0.03298
1502,0.4546,1037,0.02251
1503,0.4513,1037,0.03298
1504,0.448,1038,0.03298
1505,0.4446,1038,0.02251
1506,0.4413,1038,0.02251
1507,0.438,1038,0.03298
1508,0.4346,1036,0.03298
1509,0.438,1038,0.02251
1510,0.4346,1037,0.01204
1511,0.438,1037,0.02251
1512,0.4413,1037,0.02251
1513,0.4446,1037,0.02251
1514,0.448,1036,0.03298
1515,0.4513,1037,0.03298
1516,0.4546,1036,0.02251
1517,0.458,1036,0.02251
1518,0.4613,1036,0.03298
1519,0.4646,1037,0.01204
1520,0.468,1038,0.03298
1521,0.4713,1039,0.02251
1522,0.4746,1040,0.03298
1523,0.478,1041,0.02251
1524,0.4813,1043,0.02251
1525,0.478,1044,0.02251
1526,0.4746,1046,0.03298
1527,0.4713,1047,0.02251
1528,0.468,1048,0.02251
1529,0.4646,1049,0.02251
1530,0.4613,1050,0.02251
1531,0.458,1052,0.03298
1532,0.4546,1051,0.02251
1533,0.4513,1052,0.02251
1534,0.448,1051,0.02251
1535,0.4446,1052,0.02251
1536,0.4413,1051,0.02251
1537,0.4446,1050,0.02251
1538,0.448,1050,0.02251
1539,0.4446,1049,0.02251
1540,0.448,1050,0.02251
1541,0.4446,1046,0.02251
1542,0.448,1047,0.01204
1543,0.4446,1047,0.02251
1544,0.448,1046,0.03298
1545,0.4513,1047,0.02251
1546,0.4546,1046,0.02251
1547,0.458,1046,0.02251
1548,0.4613,1046,0.02251
1549,0.4646,1046,0.02251
1550,0.468,1048,0.03298
1551,0.4713,1046,0.02251
1552,0.4746,1046,0.02251
1553,0.478,1048,0.02251
1554,0.4746,1049,0.02251
1555,0.478,1050,0.02251
1556,0.4813,1052,0.03298
1557,0.4846,1051,0.02251
1558,0.488,1054,0.02251
1559,0.4846,1056,0.02251
1560,0.4813,1057,0.02251
1561,0.478,1058,0.02251
1562,0.4746,1060,0.03298
1563,0.4713,1060,0.02251
1564,0.468,1063,0.03298
1565,0.4646,1061,0.01204
1566,0.468,1062,0.02251
1567,0.4646,1062,0.01204
1568,0.4613,1061,0.03298
1569,0.4646,1062,0.03298
1570,0.4613,1061,0.02251
1571,0.458,1063,0.02251
1572,0.4546,1061,0.03298
1573,0.458,1061,0.02251
1574,0.4613,1060,0.02251
1575,0.4646,1057,0.02251
1576,0.468,1060,0.02251
1577,0.4646,1059,0.02251
1578,0.468,1059,0.01204
1579,0.4713,1059,0.02251
1580,0.4746,1060,0.03298
1581,0.478,1060,0.01204
1582,0.4813,1061,0.02251
1583,0.4846,1061,0.02251
1584,0.488,1062,0.02251
1585,0.4913,1063,0.03298
1586,0.488,1063,0.03298
1587,0.4913,1064,0.02251
1588,0.488,1066,0.02251
1589,0.4846,1067,0.01204
1590,0.4813,1068,0.02251
1591,0.478,1069,0.02251
1592,0.4746,1070,0.01204
1593,0.4713,1070,0.02251
1594,0.468,1070,0.01204
1595,0.4646,1070,0.02251
1596,0.4613,1070,0.02251
1597,0.458,1070,0.02251
1598,0.4546,1070,0.02251
1599,0.458,1069,0.02251
1600,0.4613,1068,0.03298
1601,0.4646,1067,0.02251
1602,0.468,1066,0.02251
1603,0.4713,1065,0.02251
1604,0.4746,1065,0.001575
1605,0.478,1065,0.02251
1606,0.4813,1065,0.02251
1607,0.4846,1065,0.02251
1608,0.488,1066,0.02251
1609,0.4913,1066,0.03298
1610,0.4946,1068,0.02251
1611,0.498,1068,0.02251
1612,0.5013,1069,0.02251
1613,0.5046,1071,0.03298
1614,0.5013,1074,0.02251
1615,0.498,1074,0.02251
1616,0.4946,1075,0.01204
1617,0.4913,1075,0.02251
1618,0.488,1077,0.01204
1619,0.4846,1079,0.02251
1620,0.4813,1079,0.01204
1621,0.478,1079,0.02251
1622,0.4746,1079,0.03298
1623,0.4713,1079,0.01204
1624,0.468,1078,0.02251
1625,0.4713,1078,0.02251
1626,0.468,1078,0.03298
1627,0.4713,1078,0.02251
1628,0.4746,1077,0.02251
1629,0.478,1077,0.02251
1630,0.4813,1076,0.02251
1631,0.4846,1076,0.02251
1632,0.488,1075,0.01204
1633,0.4913,1075,0.02251
1634,0.4946,1076,0.02251
1635,0.498,1076,0.03298
1636,0.5013,1077,0.02251
1637,0.5046,1078,0.02251
1638,0.508,1079,0.03298
1639,0.5113,1079,0.02251
1640,0.5146,1081,0.02251
1641,0.5113,1083,0.02251
1642,0.508,1084,0.02251
1643,0.5046,1086,0.02251
1644,0.5013,1088,0.02251
1645,0.498,1088,0.02251
1646,0.4946,1091,0.001575
1647,0.4913,1089,0.02251
1648,0.4946,1089,0.02251
1649,0.4913,1091,0.02251
1650,0.488,1090,0.02251
1651,0.4846,1090,0.02251
1652,0.4813,1091,0.03298
1653,0.478,1089,0.01204
1654,0.4813,1090,0.03298
1655,0.478,1088,0.02251
1656,0.4813,1088,0.02251
1657,0.4846,1087,0.02251
1658,0.488,1087,0.02251
1659,0.4913,1088,0.02251
1660,0.4946,1086,0.02251
1661,0.498,1086,0.02251
1662,0.5013,1086,0.02251
1663,0.5046,1087,0.02251
1664,0.508,1087,0.02251
1665,0.5113,1088,0.02251
1666,0.5146,1089,0.02251
1667,0.518,1090,0.02251
1668,0.5146,1091,0.02251
1669,0.5113,1095,0.02251
1670,0.508,1093,0.03298
1671,0.5113,1092,0.02251
1672,0.5146,1095,0.001575
1673,0.5113,1096,0.03298
1674,0.508,1097,0.001575
1675,0.5046,1097,0.02251
1676,0.5013,1097,0.02251
1677,0.498,1098,0.001575
1678,0.4946,1098,0.02251
1679,0.4913,1098,0.02251
1680,0.488,1097,0.02251
1681,0.4913,1098,0.02251
1682,0.488,1097,0.03298
1683,0.4913,1096,0.03298
1684,0.4946,1096,0.02251
1685,0.498,1095,0.02251
1686,0.5013,1095,0.03298
1687,0.5046,1094,0.02251
1688,0.508,1095,0.02251
1689,0.5113,1095,0.02251
1690,0.5146,1096,0.03298
1691,0.518,1096,0.02251
1692,0.5213,1097,0.02251
1693,0.5246,1098,0.02251
1694,0.528,1099,0.02251
1695,0.5313,1102,0.02251
1696,0.528,1101,0.01204
1697,0.5313,1102,0.02251
1698,0.528,1104,0.02251
1699,0.5246,1104,0.03298
1700,0.5213,1105,0.03298
1701,0.518,1106,0.01204
1702,0.5146,1105,0.02251
1703,0.5113,1105,0.02251
1704,0.508,1106,0.02251
1705,0.5046,1107,0.02251
1706,0.5013,1108,0.03298
1707,0.498,1107,0.03298
1708,0.4946,1107,0.03298
1709,0.4913,1107,0.02251
1710,0.488,1106,0.02251
1711,0.4846,1105,0.01204
1712,0.4813,1105,0.01204
1713,0.478,1104,0.03298
1714,0.4813,1103,0.02251
1715,0.4846,1101,0.02251
1716,0.488,1100,0.01204
1717,0.4913,1100,0.02251
1718,0.4946,1098,0.03298
1719,0.498,1098,0.02251
1720,0.5013,1097,0.02251
1721,0.5046,1097,0.02251
1722,0.508,1097,0.02251
1723,0.5113,1097,0.03298
1724,0.5146,1097,0.03298
1725,0.518,1099,0.02251
1726,0.5146,1100,0.02251
1727,0.5113,1100,0.02251
1728,0.508,1102,0.02251
1729,0.5046,1102,0.02251
1730,0.5013,1102,0.01204
1731,0.498,1102,0.01204
1732,0.4946,1103,0.02251
1733,0.4913,1103,0.001575
1734,0.488,1103,0.001575
1735,0.4846,1101,0.02251
1736,0.488,1101,0.02251
1737,0.4913,1100,0.02251
1738,0.4946,1100,0.02251
1739,0.498,1100,0.02251
1740,0.5013,1098,0.03298
1741,0.5046,1098,0.02251
1742,0.508,1097,0.02251
1743,0.5113,1098,0.02251
1744,0.5146,1099,0.03298
1745,0.518,1099,0.03298
1746,0.5213,1100,0.02251
1747,0.518,1100,0.02251
1748,0.5213,1100,0.02251
1749,0.5246,1102,0.01204
1750,0.5213,1103,0.02251
1751,0.518,1103,0.03298
1752,0.5146,1105,0.02251
1753,0.5113,1106,0.02251
1754,0.508,1106,0.02251
1755,0.5046,1106,0.03298
1756,0.5013,1106,0.01204
1757,0.498,1108,0.02251
1758,0.4946,1106,0.02251
1759,0.498,1106,0.03298
1760,0.4946,1105,0.03298
1761,0.4913,1103,0.02251
1762,0.4946,1105,0.02251
1763,0.4913,1103,0.01204
1764,0.4946,1103,0.001575
1765,0.4913,1103,0.03298
1766,0.488,1102,0.02251
1767,0.4913,1101,0.02251
1768,0.4946,1100,0.02251
1769,0.498,1100,0.03298
1770,0.5013,1099,0.02251
1771,0.5046,1098,0.03298
1772,0.508,1099,0.02251
1773,0.5113,1099,0.02251
1774,0.5146,1100,0.03298
1775,0.5113,1101,0.03298
1776,0.508,1101,0.02251
1777,0.5113,1101,0.02251
1778,0.508,1102,0.02251
1779,0.5046,1102,0.02251
1780,0.5013,1103,0.02251
1781,0.498,1103,0.001575
1782,0.4946,1103,0.02251
1783,0.4913,1103,0.03298
1784,0.488,1103,0.02251
1785,0.4846,1102,0.02251
1786,0.488,1101,0.02251
1787,0.4913,1101,0.03298
1788,0.488,1101,0.02251
1789,0.4846,1099,0.02251
1790,0.488,1099,0.01204
1791,0.4913,1098,0.02251
1792,0.4946,1098,0.03298
1793,0.498,1097,0.01204
1794,0.5013,1098,0.02251
1795,0.5046,1097,0.02251
1796,0.508,1095,0.02251
1797,0.5113,1097,0.01204
1798,0.508,1099,0.01204
1799,0.5046,1099,0.02251
1800,0.508,1099,0.02251
1801,0.5113,1100,0.02251
1802,0.508,1099,0.02251
1803,0.5113,1101,0.02251
1804,0.508,1101,0.03298
1805,0.5046,1100,0.03298
1806,0.508,1102,0.02251
1807,0.5046,1103,0.02251
1808,0.5013,1103,0.02251
1809,0.498,1103,0.03298
1810,0.4946,1103,0.02251
1811,0.4913,1103,0.02251
1812,0.488,1103,0.02251
1813,0.4846,1101,0.02251
1814,0.488,1101,0.02251
1815,0.4846,1101,0.01204
1816,0.4813,1099,0.03298
1817,0.4846,1099,0.02251
1818,0.488,1100,0.02251
1819,0.4913,1098,0.02251
1820,0.4946,1096,0.02251
1821,0.498,1097,0.01204
1822,0.5013,1096,0.02251
1823,0.5046,1097,0.02251
1824,0.508,1097,0.02251
1825,0.5113,1098,0.02251
1826,0.5146,1097,0.01204
1827,0.518,1098,0.02251
1828,0.5213,1098,0.01204
1829,0.5246,1099,0.01204
1830,0.528,1100,0.03298
1831,0.5246,1101,0.01204
1832,0.5213,1101,0.01204
1833,0.5246,1103,0.02251
1834,0.5213,1104,0.02251
1835,0.518,1105,0.02251
1836,0.5146,1106,0.01204
1837,0.5113,1107,0.02251
1838,0.508,1107,0.02251
1839,0.5046,1107,0.02251
1840,0.5013,1108,0.03298
1841,0.498,1106,0.02251
1842,0.4946,1108,0.02251
1843,0.4913,1107,0.02251
1844,0.488,1106,0.02251
1845,0.4846,1105,0.001575
1846,0.4813,1104,0.02251
1847,0.478,1103,0.02251
1848,0.4813,1103,0.02251
1849,0.478,1101,0.02251
1850,0.4813,1100,0.03298
1851,0.4846,1098,0.02251
1852,0.488,1099,0.02251
1853,0.4913,1097,0.02251
1854,0.4946,1097,0.03298
1855,0.498,1099,0.001575
1856,0.4946,1095,0.02251
1857,0.498,1096,0.02251
1858,0.5013,1095,0.02251
1859,0.5046,1097,0.02251
1860,0.508,1096,0.02251
1861,0.5113,1096,0.02251
1862,0.5146,1097,0.02251
1863,0.518,1097,0.02251
1864,0.5213,1098,0.02251
1865,0.5246,1099,0.03298
1866,0.5213,1100,0.02251
1867,0.518,1101,0.02251
1868,0.5146,1102,0.03298
1869,0.5113,1103,0.02251
1870,0.508,1104,0.01204
1871,0.5046,1104,0.02251
1872,0.5013,1105,0.02251
1873,0.498,1103,0.02251
1874,0.5013,1105,0.02251
1875,0.498,1104,0.02251
1876,0.4946,1104,0.02251
1877,0.4913,1104,0.02251
1878,0.488,1103,0.001575
1879,0.4846,1103,0.03298
1880,0.4813,1103,0.02251
1881,0.478,1101,0.02251
1882,0.4813,1100,0.03298
1883,0.4846,1099,0.02251
1884,0.488,1100,0.01204
1885,0.4913,1095,0.02251
1886,0.4946,1097,0.02251
1887,0.4913,1096,0.02251
1888,0.4946,1096,0.02251
1889,0.498,1096,0.01204
1890,0.5013,1095,0.03298
1891,0.5046,1095,0.03298
1892,0.508,1096,0.02251
1893,0.5113,1096,0.02251
1894,0.5146,1096,0.02251
1895,0.518,1096,0.02251
1896,0.5213,1096,0.01204
1897,0.5246,1099,0.02251
1898,0.5213,1100,0.02251
1899,0.518,1099,0.02251
1900,0.5213,1102,0.02251
1901,0.518,1103,0.03298
1902,0.5146,1104,0.03298
1903,0.5113,1104,0.01204
1904,0.508,1104,0.02251
1905,0.5046,1105,0.02251
1906,0.5013,1104,0.01204
1907,0.498,1106,0.02251
1908,0.4946,1105,0.02251
1909,0.498,1105,0.02251
1910,0.4946,1104,0.01204
1911,0.4913,1104,0.02251
1912,0.488,1103,0.02251
1913,0.4846,1103,0.02251
1914,0.4813,1102,0.02251
1915,0.4846,1101,0.02251
1916,0.488,1100,0.01204
1917,0.4913,1099,0.01204
1918,0.4946,1099,0.02251
1919,0.498,1098,0.02251
1920,0.5013,1097,0.02251
1921,0.5046,1097,0.02251
1922,0.508,1098,0.02251
1923,0.5113,1097,0.02251
1924,0.5146,1098,0.02251
1925,0.518,1099,0.02251
1926,0.5213,1099,0.02251
1927,0.5246,1100,0.01204
1928,0.5213,1101,0.02251
1929,0.518,1102,0.02251
1930,0.5146,1104,0.02251
1931,0.5113,1103,0.03298
1932,0.508,1105,0.02251
1933,0.5046,1105,0.02251
1934,0.5013,1105,0.02251
1935,0.498,1106,0.03298
1936,0.4946,1106,0.01204
1937,0.4913,1105,0.02251
1938,0.488,1105,0.02251
1939,0.4846,1104,0.01204
1940,0.4813,1104,0.02251
1941,0.478,1102,0.02251
1942,0.4813,1102,0.02251
1943,0.478,1101,0.02251
1944,0.4813,1099,0.02251
1945,0.4846,1098,0.02251
1946,0.488,1097,0.02251
1947,0.4913,1096,0.02251
1948,0.4946,1097,0.02251
1949,0.498,1095,0.02251
1950,0.5013,1096,0.001575
1951,0.5046,1098,0.02251
1952,0.5013,1096,0.02251
1953,0.5046,1095,0.02251
1954,0.508,1096,0.01204
1955,0.5113,1097,0.02251
1956,0.5146,1097,0.01204
1957,0.518,1098,0.02251
1958,0.5213,1098,0.01204
1959,0.5246,1097,0.02251
1960,0.528,1101,0.02251
1961,0.5246,1100,0.02251
1962,0.5213,1103,0.02251
1963,0.518,1103,0.02251
1964,0.5146,1105,0.02251
1965,0.5113,1105,0.001575
1966,0.508,1106,0.001575
1967,0.5046,1106,0.02251
1968,0.5013,1106,0.02251
1969,0.498,1105,0.02251
1970,0.5013,1107,0.02251
1971,0.498,1106,0.02251
1972,0.4946,1105,0.03298
1973,0.4913,1105,0.02251
1974,0.488,1103,0.02251
1975,0.4913,1105,0.02251
1976,0.488,1102,0.02251
1977,0.4913,1102,0.03298
1978,0.4946,1102,0.03298
1979,0.4913,1100,0.02251
1980,0.4946,1101,0.02251
1981,0.4913,1100,0.02251
1982,0.4946,1099,0.02251
1983,0.498,1099,0.02251
1984,0.5013,1098,0.02251
1985,0.5046,1099,0.02251
1986,0.508,1098,0.02251
1987,0.5113,1098,0.02251
1988,0.5146,1099,0.02251
1989,0.518,1100,0.03298
1990,0.5146,1101,0.03298
1991,0.5113,1101,0.02251
1992,0.508,1101,0.02251
1993,0.5046,1102,0.02251
1994,0.5013,1104,0.03298
1995,0.498,1103,0.01204
1996,0.5013,1103,0.02251
1997,0.498,1105,0.01204
1998,0.4946,1102,0.03298
1999,0.498,1102,0.02251
2000,0.5013,1102,0.03298
2001,0.498,1103,0.02251
2002,0.4946,1101,0.02251
2003,0.498,1101,0.02251
2004,0.5013,1101,0.02251
2005,0.5046,1100,0.03298
2006,0.508,1100,0.03298
2007,0.5113,1100,0.02251
2008,0.5146,1100,0.02251
2009,0.518,1101,0.02251
2010,0.5146,1099,0.01204
2011,0.518,1102,0.02251
2012,0.5146,1103,0.01204
2013,0.5113,1103,0.02251
2014,0.508,1103,0.03298
2015,0.5046,1104,0.02251
2016,0.5013,1105,0.03298
2017,0.498,1104,0.03298
2018,0.4946,1105,0.02251
2019,0.4913,1105,0.02251
2020,0.488,1103,0.02251
2021,0.4913,1103,0.01204
2022,0.488,1102,0.02251
2023,0.4846,1101,0.02251
2024,0.488,1101,0.02251
2025,0.4913,1101,0.03298
2026,0.488,1099,0.01204
2027,0.4913,1100,0.03298
2028,0.488,1098,0.02251
2029,0.4913,1098,0.02251
2030,0.4946,1097,0.02251
2031,0.498,1096,0.02251
2032,0.5013,1096,0.02251
2033,0.5046,1096,0.02251
2034,0.508,1095,0.001575
2035,0.5113,1097,0.02251
2036,0.508,1097,0.02251
2037,0.5113,1095,0.02251
2038,0.5146,1098,0.02251
2039,0.5113,1099,0.01204
2040,0.508,1099,0.001575
2041,0.5046,1101,0.02251
2042,0.5013,1101,0.02251
2043,0.498,1101,0.02251
2044,0.4946,1102,0.02251
2045,0.4913,1101,0.02251
2046,0.488,1101,0.02251
2047,0.4913,1101,0.02251
2048,0.4946,1100,0.02251
2049,0.498,1100,0.03298
2050,0.4946,1099,0.03298
2051,0.498,1098,0.02251
2052,0.5013,1101,0.01204
2053,0.498,1099,0.02251
2054,0.5013,1099,0.02251
2055,0.5046,1099,0.02251
2056,0.508,1098,0.03298
2057,0.5113,1097,0.02251
2058,0.5146,1098,0.02251
2059,0.5113,1099,0.02251
2060,0.508,1098,0.02251
2061,0.5113,1100,0.02251
2062,0.508,1100,0.02251
2063,0.5046,1102,0.01204
2064,0.5013,1102,0.02251
2065,0.498,1102,0.02251
2066,0.4946,1102,0.02251
2067,0.4913,1102,0.02251
2068,0.488,1101,0.02251
2069,0.4913,1101,0.02251
2070,0.4946,1100,0.02251
2071,0.498,1100,0.02251
2072,0.5013,1099,0.02251
2073,0.5046,1098,0.02251
2074,0.508,1098,0.02251
2075,0.5113,1100,0.03298
2076,0.508,1099,0.02251
2077,0.5113,1098,0.03298
2078,0.5146,1100,0.02251
2079,0.5113,1100,0.02251
2080,0.508,1101,0.02251
2081,0.5046,1102,0.02251
2082,0.5013,1102,0.02251
2083,0.498,1102,0.02251
2084,0.4946,1103,0.02251
2085,0.4913,1103,0.03298
2086,0.488,1101,0.02251
2087,0.4913,1100,0.001575
2088,0.4946,1101,0.02251
2089,0.498,1100,0.02251
2090,0.5013,1100,0.01204
2091,0.5046,1099,0.02251
2092,0.508,1098,0.02251
2093,0.5113,1099,0.02251
2094,0.5146,1099,0.02251
2095,0.518,1100,0.03298
2096,0.5213,1100,0.02251
2097,0.5246,1101,0.02251
2098,0.5213,1102,0.02251
2099,0.518,1102,0.03298
2100,0.5146,1104,0.01204
2101,0.5113,1104,0.001575
2102,0.508,1104,0.02251
2103,0.5046,1104,0.02251
2104,0.5013,1107,0.02251
2105,0.498,1106,0.02251
2106,0.4946,1106,0.02251
2107,0.4913,1105,0.03298
2108,0.488,1105,0.02251
2109,0.4846,1103,0.02251
2110,0.488,1103,0.03298
2111,0.4846,1102,0.02251
2112,0.488,1101,0.02251
2113,0.4913,1101,0.02251
2114,0.4946,1100,0.02251
2115,0.498,1099,0.02251
2116,0.5013,1098,0.02251
2117,0.5046,1101,0.001575
2118,0.5013,1098,0.03298
2119,0.5046,1097,0.01204
2120,0.508,1099,0.02251
2121,0.5046,1098,0.02251
2122,0.508,1100,0.02251
2123,0.5046,1100,0.03298
2124,0.508,1100,0.02251
2125,0.5113,1100,0.02251
2126,0.508,1101,0.02251
2127,0.5046,1101,0.02251
2128,0.5013,1102,0.02251
2129,0.498,1102,0.01204
2130,0.4946,1102,0.02251
2131,0.4913,1102,0.001575
2132,0.488,1102,0.02251
2133,0.4846,1099,0.02251
2134,0.488,1100,0.02251
2135,0.4913,1099,0.02251
2136,0.4946,1099,0.02251
2137,0.498,1097,0.02251
2138,0.5013,1098,0.03298
2139,0.5046,1098,0.03298
2140,0.508,1098,0.02251
2141,0.5113,1098,0.02251
2142,0.5146,1098,0.02251
2143,0.518,1098,0.01204
2144,0.5213,1099,0.02251
2145,0.5246,1100,0.02251
2146,0.5213,1101,0.02251
2147,0.518,1102,0.01204
2148,0.5146,1103,0.02251
2149,0.5113,1103,0.02251
2150,0.508,1104,0.02251
2151,0.5046,1104,0.02251
2152,0.5013,1105,0.03298
2153,0.498,1108,0.01204
2154,0.4946,1105,0.02251
2155,0.498,1105,0.03298
2156,0.4946,1105,0.02251
2157,0.4913,1104,0.02251
2158,0.4946,1103,0.02251
2159,0.4913,1102,0.02251
2160,0.488,1102,0.02251
2161,0.4913,1101,0.02251
2162,0.4946,1100,0.02251
2163,0.498,1100,0.02251
2164,0.5013,1099,0.02251
2165,0.5046,1098,0.03298
2166,0.508,1099,0.02251
2167,0.5113,1099,0.02251
2168,0.5146,1099,0.01204
2169,0.518,1098,0.02251
2170,0.5213,1100,0.03298
2171,0.518,1101,0.02251
2172,0.5146,1103,0.02251
2173,0.5113,1101,0.02251
2174,0.5146,1103,0.02251
2175,0.5113,1104,0.02251
2176,0.508,1104,0.02251
2177,0.5046,1105,0.03298
2178,0.5013,1105,0.02251
2179,0.498,1104,0.02251
2180,0.4946,1105,0.02251
2181,0.4913,1105,0.02251
2182,0.488,1101,0.02251
2183,0.4913,1103,0.02251
2184,0.488,1102,0.02251
2185,0.4846,1101,0.03298
2186,0.488,1103,0.03298
2187,0.4846,1100,0.02251
2188,0.488,1100,0.02251
2189,0.4913,1099,0.02251
2190,0.4946,1098,0.02251
2191,0.498,1097,0.02251
2192,0.5013,1099,0.02251
2193,0.498,1097,0.02251
2194,0.5013,1097,0.03298
2195,0.5046,1098,0.02251
2196,0.508,1097,0.02251
2197,0.5113,1097,0.02251
2198,0.5146,1098,0.01204
2199,0.518,1098,0.02251
2200,0.5213,1101,0.02251
2201,0.518,1101,0.02251
2202,0.5146,1100,0.02251
2203,0.518,1101,0.001575
2204,0.5146,1102,0.02251
2205,0.5113,1103,0.01204
2206,0.508,1104,0.02251
2207,0.5046,1104,0.02251
2208,0.5013,1104,0.02251
2209,0.498,1104,0.03298
2210,0.4946,1102,0.02251
2211,0.498,1104,0.03298
2212,0.4946,1104,0.02251
2213,0.4913,1103,0.02251
2214,0.488,1103,0.001575
2215,0.4846,1104,0.02251
2216,0.4813,1102,0.02251
2217,0.4846,1100,0.02251
2218,0.488,1099,0.02251
2219,0.4913,1099,0.02251
2220,0.4946,1098,0.02251
2221,0.498,1097,0.02251
2222,0.5013,1097,0.03298
2223,0.5046,1098,0.001575
2224,0.508,1098,0.02251
2225,0.5113,1098,0.03298
2226,0.5146,1097,0.02251
2227,0.518,1098,0.02251
2228,0.5213,1099,0.001575
2229,0.5246,1101,0.02251
2230,0.5213,1101,0.02251
2231,0.5246,1100,0.02251
2232,0.528,1103,0.02251
2233,0.5246,1104,0.02251
2234,0.5213,1105,0.03298
2235,0.518,1105,0.03298
2236,0.5146,1106,0.03298
2237,0.5113,1107,0.02251
2238,0.508,1106,0.02251
2239,0.5046,1106,0.01204
2240,0.5013,1108,0.02251
2241,0.498,1107,0.02251
2242,0.4946,1107,0.02251
2243,0.4913,1107,0.03298
2244,0.488,1107,0.02251
2245,0.4846,1106,0.01204
2246,0.4813,1105,0.02251
2247,0.4812,1106,0.02251
2248,0.4778,1102,0.001575
2249,0.4812,1101,0.02251
2250,0.4845,1101,0.02251
2251,0.4878,1098,0.02251
2252,0.4912,1098,0.02251
2253,0.4945,1097,0.02251
2254,0.4978,1097,0.02251
2255,0.5012,1097,0.001575
2256,0.5045,1096,0.03298
2257,0.5078,1097,0.03298
2258,0.5112,1097,0.02251
2259,0.5145,1097,0.02251
2260,0.5178,1098,0.02251
2261,0.5212,1099,0.03298
2262,0.5245,1100,0.03298
2263,0.5278,1099,0.03298
2264,0.5312,1101,0.01204
2265,0.5345,1102,0.01204
2266,0.5378,1104,0.02251
2267,0.5345,1105,0.02251
2268,0.5312,1107,0.03298
2269,0.5278,1107,0.02251
2270,0.5245,1108,0.02251
2271,0.5212,1109,0.02251
2272,0.5178,1110,0.02251
2273,0.5145,1109,0.02251
2274,0.5112,1110,0.02251
2275,0.5078,1111,0.02251
2276,0.5045,1111,0.02251
2277,0.5012,1111,0.01204
2278,0.4978,1109,0.001575
2279,0.4945,1110,0.01204
2280,0.4912,1109,0.02251
2281,0.4878,1108,0.02251
2282,0.4845,1107,0.01204
2283,0.4812,1107,0.02251
2284,0.4778,1106,0.02251
2285,0.4745,1104,0.02251
2286,0.4778,1103,0.02251
2287,0.4812,1102,0.02251
2288,0.4845,1100,0.02251
2289,0.4878,1099,0.03298
2290,0.4912,1099,0.02251
2291,0.4945,1098,0.02251
2292,0.4978,1097,0.02251
2293,0.5012,1096,0.02251
2294,0.5045,1096,0.02251
2295,0.5078,1097,0.02251
2296,0.5112,1097,0.03298
2297,0.5145,1098,0.02251
2298,0.5112,1100,0.02251
2299,0.5078,1098,0.02251
2300,0.5112,1100,0.02251
2301,0.5078,1102,0.02251
2302,0.5045,1101,0.02251
2303,0.5012,1102,0.02251
2304,0.4978,1102,0.02251
2305,0.4945,1102,0.02251
2306,0.4912,1102,0.03298
2307,0.4878,1101,0.03298
2308,0.4845,1101,0.02251
2309,0.4812,1100,0.02251
2310,0.4778,1100,0.02251
2311,0.4745,1099,0.02251
2312,0.4712,1098,0.02251
2313,0.4678,1097,0.03298
2314,0.4645,1095,0.03298
2315,0.4612,1094,0.02251
2316,0.4578,1093,0.02251
2317,0.4545,1091,0.02251
2318,0.4512,1089,0.02251
2319,0.4478,1084,0.03298
2320,0.4512,1086,0.02251
2321,0.4478,1084,0.02251
2322,0.4445,1082,0.02251
2323,0.4412,1081,0.02251
2324,0.4378,1079,0.02251
2325,0.4345,1077,0.02251
2326,0.4312,1075,0.02251
2327,0.4278,1073,0.02251
2328,0.4245,1071,0.02251
2329,0.4212,1070,0.02251
2330,0.4178,1068,0.03298
2331,0.4145,1065,0.02251
2332,0.4178,1063,0.02251
2333,0.4212,1059,0.02251
2334,0.4245,1056,0.001575
2335,0.4278,1052,0.03298
2336,0.4312,1050,0.02251
2337,0.4345,1045,0.02251
2338,0.4378,1044,0.03298
2339,0.4412,1043,0.02251
2340,0.4445,1043,0.02251
2341,0.4478,1043,0.02251
2342,0.4512,1043,0.02251
2343,0.4545,1044,0.02251
2344,0.4512,1044,0.02251
2345,0.4478,1045,0.03298
2346,0.4445,1044,0.03298
2347,0.4412,1045,0.02251
2348,0.4378,1045,0.03298
2349,0.4345,1045,0.02251
2350,0.4312,1045,0.02251
2351,0.4278,1047,0.01204
2352,0.4245,1044,0.03298
2353,0.4212,1044,0.02251
2354,0.4178,1042,0.02251
2355,0.4145,1042,0.01204
2356,0.4112,1040,0.03298
2357,0.4078,1038,0.02251
2358,0.4045,1035,0.02251
2359,0.4078,1032,0.03298
2360,0.4112,1029,0.02251
2361,0.4145,1026,0.02251
2362,0.4178,1023,0.03298
2363,0.4212,1022,0.02251
2364,0.4245,1019,0.02251
2365,0.4278,1017,0.02251
2366,0.4312,1014,0.02251
2367,0.4345,1014,0.02251
2368,0.4378,1013,0.02251
2369,0.4412,1014,0.02251
2370,0.4378,1015,0.02251
2371,0.4345,1017,0.02251
2372,0.4312,1018,0.02251
2373,0.4278,1019,0.03298
2374,0.4245,1020,0.03298
2375,0.4212,1019,0.02251
2376,0.4178,1020,0.02251
2377,0.4145,1021,0.02251
2378,0.4112,1019,0.02251
2379,0.4078,1018,0.02251
2380,0.4045,1017,0.02251
2381,0.4012,1015,0.02251
2382,0.3978,1011,0.02251
2383,0.3945,1009,0.02251
2384,0.3912,1007,0.03298
2385,0.3878,1005,0.02251
2386,0.3845,1003,0.02251
2387,0.3812,1002,0.02251
2388,0.3778,999.6,0.03298
2389,0.3745,998,0.02251
2390,0.3712,994.6,0.01204
2391,0.3745,992.1,0.02251
2392,0.3778,992.3,0.02251
2393,0.3745,990.8,0.02251
2394,0.3712,989.2,0.03298
2395,0.3678,987.5,0.02251
2396,0.3645,987.1,0.02251
2397,0.3612,984.6,0.02251
2398,0.3645,983.1,0.03298
2399,0.3678,981.7,0.02251
2400,0.3712,980.4,0.03298
2401,0.3745,979.3,0.02251
2402,0.3712,977.9,0.02251
2403,0.3678,976.3,0.02251
2404,0.3712,976.1,0.02251
2405,0.3678,974.8,0.02251
2406,0.3645,973.7,0.02251
2407,0.3612,973,0.03298
2408,0.3578,972,0.02251
2409,0.3545,971.3,0.03298
2410,0.3512,970,0.02251
2411,0.3478,969.2,0.02251
2412,0.3445,968.1,0.02251
2413,0.3412,965.2,0.02251
2414,0.3445,965.8,0.02251
2415,0.3412,964.9,0.02251
2416,0.3378,963.5,0.02251
2417,0.3345,962.1,0.02251
2418,0.3312,961.8,0.02251
2419,0.3278,960.4,0.02251
2420,0.3245,957.9,0.01204
2421,0.3278,959,0.02251
2422,0.3245,957.5,0.02251
2423,0.3212,956,0.02251
2424,0.3178,956.7,0.02251
2425,0.3145,953.9,0.03298
2426,0.3178,953,0.02251
2427,0.3145,952,0.02251
2428,0.3112,950.9,0.02251
2429,0.3078,950.1,0.02251
2430,0.3045,949.6,0.03298
2431,0.3012,949,0.02251
2432,0.2978,947.6,0.03298
2433,0.2945,946.4,0.01204
2434,0.2912,945,0.02251
2435,0.2878,944.1,0.02251
2436,0.2845,943,0.01204
2437,0.2812,941.3,0.02251
2438,0.2778,940,0.02251
2439,0.2745,938.5,0.02251
2440,0.2712,937.2,0.02251
2441,0.2678,935.8,0.02251
2442,0.2645,932.9,0.02251
2443,0.2678,932.9,0.02251
2444,0.2645,931.4,0.02251
2445,0.2612,929.7,0.02251
2446,0.2578,928.1,0.02251
2447,0.2545,927,0.02251
2448,0.2512,925.8,0.02251
2449,0.2478,924.5,0.02251
2450,0.2445,922.6,0.02251
2451,0.2478,921.2,0.02251
2452,0.2512,919.8,0.01204
2453,0.2545,918.4,0.02251
2454,0.2578,917,0.01204
2455,0.2612,916.5,0.03298
2456,0.2578,914.7,0.03298
2457,0.2612,913.6,0.02251
2458,0.2578,912.8,0.01204
2459,0.2545,911.8,0.02251
2460,0.2512,911.1,0.03298
2461,0.2478,909.9,0.02251
2462,0.2445,909.2,0.02251
2463,0.2412,908.3,0.02251
2464,0.2378,908,0.02251
2465,0.2345,906,0.01204
2466,0.2378,904.8,0.02251
2467,0.2345,903.8,0.03298
2468,0.2312,902.6,0.03298
2469,0.2278,900.1,0.02251
2470,0.2312,900.2,0.02251
2471,0.2278,899.1,0.02251
2472,0.2245,898,0.03298
2473,0.2212,896.8,0.02251
2474,0.2178,895.6,0.02251
2475,0.2145,894.4,0.02251
2476,0.2112,893,0.02251
2477,0.2078,892,0.02251
2478,0.2045,890.2,0.02251
2479,0.2078,888.6,0.03298
2480,0.2112,887.4,0.02251
2481,0.2078,884.5,0.02251
2482,0.2112,884.3,0.03298
2483,0.2078,882.9,0.02251
2484,0.2112,881.1,0.03298
2485,0.2145,880.5,0.02251
2486,0.2178,879.4,0.02251
2487,0.2212,879.2,0.02251
2488,0.2178,877.3,0.03298
2489,0.2212,876.4,0.01204
2490,0.2245,875.9,0.03298
2491,0.2212,874.9,0.02251
2492,0.2178,876,0.02251
2493,0.2145,873.7,0.02251
2494,0.2178,873.4,0.02251
2495,0.2145,871.8,0.02251
2496,0.2112,872.5,0.02251
2497,0.2078,872.5,0.02251
2498,0.2045,870.5,0.03298
2499,0.2012,869.6,0.03298
2500,0.1978,869.1,0.02251
2501,0.1945,867.9,0.01204
2502,0.1912,868.4,0.02251
2503,0.1878,866.3,0.02251
2504,0.1845,863.8,0.02251
2505,0.1878,861.2,0.02251
2506,0.1912,857.7,0.01204
2507,0.1945,853.4,0.02251
2508,0.1978,849.8,0.02251
2509,0.2012,847.4,0.02251
2510,0.2045,846.2,0.03298
2511,0.2078,846.1,0.02251
2512,0.2112,845.6,0.02251
2513,0.2145,845.3,0.02251
2514,0.2178,845.4,0.02251
2515,0.2212,845.5,0.03298
2516,0.2178,845.7,0.02251
2517,0.2145,845.9,0.02251
2518,0.2112,845.7,0.02251
2519,0.2078,845.9,0.03298
2520,0.2045,846,0.02251
2521,0.2012,845.9,0.02251
2522,0.1978,846.2,0.02251
2523,0.1945,845.8,0.02251
2524,0.1912,845.8,0.02251
2525,0.1878,844.7,0.02251
2526,0.1845,843.1,0.02251
2527,0.1812,840.5,0.02251
2528,0.1778,837.3,0.02251
2529,0.1812,833,0.02251
2530,0.1845,829.1,0.02251
2531,0.1878,824,0.02251
2532,0.1912,820.4,0.03298
2533,0.1945,816.5,0.02251
2534,0.1978,813.1,0.02251
2535,0.2012,811.1,0.03298
2536,0.2045,810.5,0.02251
2537,0.2078,811.1,0.02251
2538,0.2112,811.8,0.02251
2539,0.2145,812.8,0.02251
2540,0.2112,813.9,0.02251
2541,0.2078,815.1,0.03298
2542,0.2045,815.8,0.01204
2543,0.2012,817.5,0.02251
2544,0.1978,820.7,0.03298
2545,0.1945,818.5,0.02251
2546,0.1912,819.6,0.02251
2547,0.1878,819.6,0.02251
2548,0.1845,819,0.02251
2549,0.1812,816.6,0.01204
2550,0.1778,813.6,0.02251
2551,0.1745,809.5,0.02251
2552,0.1778,806.3,0.03298
2553,0.1812,802.6,0.02251
2554,0.1845,799.4,0.02251
2555,0.1845,799.4,0.03298
2556,0.1844,799.5,0.03298
2557,0.1842,799.3,0.02251
2558,0.1841,799.9,0.02251
2559,0.1839,799.5,0.02251
2560,0.1838,801.2,0.01204
2561,0.1837,799.5,0.02251
2562,0.1835,799.2,0.03298
2563,0.1834,799.4,0.01204
2564,0.1832,799.4,0.02251
2565,0.1831,799.5,0.02251
2566,0.183,799.6,0.03298
2567,0.1828,801.6,0.02251
2568,0.1827,799,0.02251
2569,0.1825,799.5,0.02251
2570,0.1824,799.5,0.03298
2571,0.1823,799.9,0.02251
2572,0.1821,800.7,0.02251
2573,0.182,799.4,0.02251
2574,0.1818,799.4,0.03298
2575,0.1817,799.8,0.02251
2576,0.1816,799.5,0.03298
2577,0.1814,799.5,0.02251
2578,0.1813,799.4,0.02251
2579,0.1811,799.5,0.02251
2580,0.181,800.4,0.02251
2581,0.1809,799.4,0.03298
2582,0.1807,799.5,0.02251
2583,0.1806,799.3,0.02251
2584,0.1804,799.5,0.01204
2585,0.1803,799.5,0.03298
2586,0.1801,799.3,0.02251
2587,0.18,799.5,0.03298
2588,0.1799,799.4,0.02251
2589,0.1797,799.4,0.02251
2590,0.1796,799.5,0.02251
2591,0.1794,799.4,0.02251
2592,0.1793,799.4,0.02251
2593,0.1792,799.4,0.03298
2594,0.179,799.4,0.02251
2595,0.1789,799.5,0.02251
2596,0.1787,799.5,0.02251
2597,0.1786,799.5,0.02251
2598,0.1785,799.5,0.02251
2599,0.1783,799.4,0.03298
2600,0.1782,799.5,0.02251
2601,0.178,799.5,0.02251
2602,0.1779,799.5,0.02251
2603,0.1778,799.4,0.02251
2604,0.1776,799.4,0.03298
2605,0.1775,800.1,0.02251
2606,0.1773,799.6,0.02251
2607,0.1772,799.4,0.02251
2608,0.177,799.4,0.03298
2609,0.1769,799.5,0.03298
2610,0.1768,799.5,0.02251
2611,0.1766,799.4,0.02251
2612,0.1765,799.5,0.03298
2613,0.1763,799,0.03298
2614,0.1762,799.5,0.02251
2615,0.1761,799.4,0.02251
2616,0.1759,799.4,0.03298
2617,0.1758,799.6,0.02251
2618,0.1756,799.7,0.02251
2619,0.1755,799.5,0.02251
2620,0.1754,799.2,0.02251
2621,0.1752,799.4,0.03298
2622,0.1751,799.5,0.02251
2623,0.1749,799.4,0.02251
2624,0.1748,799.5,0.02251
2625,0.1747,799.8,0.02251
2626,0.1745,799.5,0.03298
2627,0.1744,799.4,0.02251
2628,0.1742,799.5,0.02251
2629,0.1741,799.5,0.03298
2630,0.1739,799.6,0.02251
2631,0.1738,799.5,0.02251
2632,0.1737,799,0.02251
2633,0.1735,799.4,0.02251
2634,0.1734,799.5,0.02251
2635,0.1732,800.6,0.03298
2636,0.1731,799.8,0.02251
2637,0.173,799.5,0.02251
2638,0.1728,799.6,0.02251
2639,0.1727,799.4,0.02251
2640,0.1725,799.4,0.02251
2641,0.1724,799.5,0.02251
2642,0.1723,799.4,0.03298
2643,0.1721,799.6,0.02251
2644,0.172,799.5,0.02251
2645,0.1718,799.4,0.03298
2646,0.1717,800.5,0.02251
2647,0.1716,799.4,0.02251
2648,0.1714,799.4,0.02251
2649,0.1713,799.4,0.03298
2650,0.1711,799.5,0.03298
2651,0.171,799.4,0.02251
2652,0.1708,799.6,0.02251
2653,0.1707,799.6,0.02251
2654,0.1706,799.4,0.02251
2655,0.1704,799.6,0.02251
2656,0.1703,800,0.02251
2657,0.1701,799.4,0.01204
2658,0.17,799.5,0.02251
2659,0.1699,799.5,0.02251
2660,0.1697,799.3,0.02251
2661,0.1696,799.4,0.02251
2662,0.1694,799.2,0.02251
2663,0.1693,799.4,0.02251
2664,0.1692,799,0.02251
2665,0.169,799.7,0.02251
2666,0.1689,799.5,0.02251
2667,0.1687,799.4,0.03298
2668,0.1686,799.7,0.03298
2669,0.1685,799.4,0.03298
2670,0.1683,799.5,0.03298
2671,0.1682,799.5,0.02251
2672,0.168,799.5,0.02251
2673,0.1679,799.4,0.02251
2674,0.1678,799.4,0.02251
2675,0.1676,799.4,0.02251
2676,0.1675,799.5,0.02251
2677,0.1673,799.4,0.02251
2678,0.1672,799.3,0.02251
2679,0.167,799.7,0.02251
2680,0.1669,799.4,0.03298
2681,0.1668,799.4,0.02251
2682,0.1666,799.4,0.02251
2683,0.1665,799.5,0.02251
2684,0.1663,799.6,0.03298
2685,0.1662,799.4,0.02251
2686,0.1661,799.5,0.02251
2687,0.1659,799.4,0.02251
2688,0.1658,799.5,0.03298
2689,0.1656,799.5,0.02251
2690,0.1655,799.5,0.02251
2691,0.1654,799.4,0.03298
2692,0.1652,799.5,0.03298
2693,0.1651,799.4,0.02251
2694,0.1649,799.3,0.02251
2695,0.1648,799.5,0.02251
2696,0.1647,799.4,0.03298
2697,0.1645,799.5,0.02251
2698,0.1644,799.5,0.03298
2699,0.1642,799.6,0.02251
2700,0.1641,799.5,0.02251
2701,0.1639,799.7,0.03298
2702,0.1638,799.4,0.02251
2703,0.1637,799.5,0.02251
2704,0.1635,799.4,0.02251
2705,0.1634,799.4,0.02251
2706,0.1632,799.4,0.02251
2707,0.1631,799.5,0.02251
2708,0.163,799.6,0.02251
2709,0.1628,799.5,0.02251
2710,0.1627,799.4,0.02251
2711,0.1625,799.6,0.02251
2712,0.1624,800.4,0.02251
2713,0.1623,799.6,0.02251
2714,0.1621,799.5,0.02251
2715,0.162,799.6,0.02251
2716,0.1618,799.4,0.03298
2717,0.1617,799.2,0.03298
2718,0.1616,799.2,0.03298
2719,0.1614,799.5,0.02251
2720,0.1613,800.3,0.03298
2721,0.1611,799.4,0.02251
2722,0.161,799.5,0.02251
2723,0.1608,799.6,0.03298
2724,0.1607,799.6,0.02251
2725,0.1606,799.5,0.02251
2726,0.1604,799.6,0.02251
2727,0.1603,799.8,0.02251
2728,0.1601,799.6,0.02251
2729,0.16,799.6,0.02251
2730,0.1599,799.5,0.02251
2731,0.1597,799.5,0.03298
2732,0.1596,799.4,0.02251
2733,0.1594,799.5,0.02251
2734,0.1593,799.6,0.02251
2735,0.1592,799.7,0.02251
2736,0.159,799.5,0.02251
2737,0.1589,799.5,0.02251
2738,0.1587,799.4,0.02251
2739,0.1586,799.4,0.02251
2740,0.1585,799.6,0.02251
2741,0.1583,799.4,0.02251
2742,0.1582,799.6,0.02251
2743,0.158,799.4,0.03298
2744,0.1579,799.5,0.03298
2745,0.1578,799.7,0.02251
2746,0.1576,799.5,0.02251
2747,0.1575,799.4,0.03298
2748,0.1573,799.6,0.03298
2749,0.1572,799.5,0.03298
2750,0.157,799.5,0.02251
2751,0.1569,799.5,0.02251
2752,0.1568,799.5,0.02251
2753,0.1566,799.7,0.02251
2754,0.1565,800.2,0.02251
2755,0.1563,799.4,0.02251
2756,0.1562,799.5,0.03298
2757,0.1561,799.4,0.02251
2758,0.1559,799.4,0.02251
2759,0.1558,799.5,0.02251
2760,0.1556,799.6,0.03298
2761,0.1555,799.5,0.02251
2762,0.1554,799.4,0.02251
2763,0.1552,799.6,0.02251
2764,0.1551,799.4,0.03298
2765,0.1549,799.5,0.02251
2766,0.1548,799.7,0.02251
2767,0.1547,799.5,0.02251
2768,0.1545,799.4,0.02251
2769,0.1544,799.5,0.02251
2770,0.1542,799.5,0.03298
2771,0.1541,799.5,0.02251
2772,0.1539,799.7,0.03298
2773,0.1538,799.5,0.02251
2774,0.1537,799.4,0.03298
2775,0.1535,799.5,0.02251
2776,0.1534,799.2,0.03298
2777,0.1532,799.4,0.02251
2778,0.1531,799.5,0.02251
2779,0.153,799.8,0.03298
2780,0.1528,799.4,0.03298
2781,0.1527,799.5,0.02251
2782,0.1525,799.4,0.03298
2783,0.1524,799.5,0.02251
2784,0.1523,799.5,0.02251
2785,0.1521,799.4,0.02251
2786,0.152,799.5,0.02251
2787,0.1518,799.5,0.02251
2788,0.1517,799.4,0.03298
2789,0.1516,799.6,0.02251
2790,0.1514,799.4,0.03298
2791,0.1513,799.3,0.02251
2792,0.1511,799.5,0.02251
2793,0.151,799.4,0.03298
2794,0.1508,799.5,0.02251
2795,0.1507,799.4,0.01204
2796,0.1506,799.4,0.02251
2797,0.1504,799.6,0.01204
2798,0.1503,799.4,0.02251
2799,0.1501,799.3,0.03298
2800,0.15,799.4,0.02251
2801,0.1499,799.5,0.02251
2802,0.1497,799.5,0.03298
2803,0.1496,799.5,0.03298
2804,0.1494,799.5,0.02251
2805,0.1493,799.5,0.03298
2806,0.1492,799.4,0.02251
2807,0.149,799.3,0.02251
2808,0.1489,799.7,0.02251
2809,0.1487,799.4,0.02251
2810,0.1486,799.3,0.02251
2811,0.1485,799.6,0.02251
2812,0.1483,799.5,0.03298
2813,0.1482,799.5,0.03298
2814,0.148,799.4,0.02251
2815,0.1479,799.4,0.02251
2816,0.1477,799.5,0.02251
2817,0.1476,799.5,0.03298
2818,0.1475,799.5,0.02251
2819,0.1473,799.4,0.02251
2820,0.1472,799.4,0.02251
2821,0.147,799.5,0.02251
2822,0.1469,799.4,0.01204
2823,0.1468,799.4,0.02251
2824,0.1466,799.5,0.02251
2825,0.1465,799.4,0.02251
2826,0.1463,799.5,0.02251
2827,0.1462,799.6,0.02251
2828,0.1461,799.4,0.02251
2829,0.1459,799.5,0.02251
2830,0.1458,799.5,0.03298
2831,0.1456,799.5,0.02251
2832,0.1455,799.5,0.02251
2833,0.1454,799.4,0.02251
2834,0.1452,799.6,0.02251
2835,0.1451,799.5,0.03298
2836,0.1449,799.5,0.02251
2837,0.1448,799.6,0.02251
2838,0.1447,799.5,0.02251
2839,0.1445,799.3,0.03298
2840,0.1444,799.4,0.02251
2841,0.1442,799.6,0.02251
2842,0.1441,799,0.02251
2843,0.1439,799.4,0.02251
2844,0.1438,799.3,0.02251
2845,0.1437,799.4,0.02251
2846,0.1435,799.5,0.02251
2847,0.1434,799.4,0.02251
2848,0.1432,799.4,0.02251
2849,0.1431,799.5,0.03298
2850,0.143,799.6,0.02251
2851,0.1428,799.5,0.02251
2852,0.1427,799.6,0.02251
2853,0.1425,799.4,0.02251
2854,0.1424,799.3,0.02251
2855,0.1423,799.4,0.02251
2856,0.1421,799.5,0.02251
2857,0.142,799,0.02251
2858,0.1418,800.2,0.02251
2859,0.1417,799.5,0.02251
2860,0.1416,799.5,0.02251
2861,0.1414,799.4,0.02251
2862,0.1413,799.5,0.02251
2863,0.1411,800.2,0.02251
2864,0.141,799.4,0.02251
2865,0.1408,799.4,0.02251
2866,0.1407,799.5,0.02251
2867,0.1406,799.6,0.03298
2868,0.1404,800.9,0.03298
2869,0.1403,799.4,0.02251
2870,0.1401,799.4,0.02251
2871,0.14,799.6,0.02251
2872,0.1399,799,0.02251
2873,0.1397,799.4,0.02251
2874,0.1396,799.2,0.03298
2875,0.1394,799.4,0.02251
2876,0.1393,799.4,0.02251
2877,0.1392,799.4,0.02251
2878,0.139,799.4,0.02251
2879,0.1389,800,0.02251
2880,0.1387,799.5,0.02251
2881,0.1386,799.1,0.03298
2882,0.1385,799.4,0.02251
2883,0.1383,799.5,0.02251
2884,0.1382,799.5,0.02251
2885,0.138,799.4,0.02251
2886,0.1379,799.5,0.02251
2887,0.1377,799.5,0.02251
2888,0.1376,799.4,0.02251
2889,0.1375,799.4,0.02251
2890,0.1373,799.4,0.02251
2891,0.1372,799.6,0.02251
2892,0.137,799.5,0.03298
2893,0.1369,799.4,0.03298
2894,0.1368,799.5,0.02251
2895,0.1366,799.5,0.02251
2896,0.1365,799.5,0.02251
2897,0.1363,799.4,0.03298
2898,0.1362,799.5,0.02251
2899,0.1361,799.5,0.02251
2900,0.1359,799.4,0.02251
2901,0.1358,799.6,0.03298
2902,0.1356,799.5,0.02251
2903,0.1355,799.4,0.03298
2904,0.1354,799.4,0.02251
2905,0.1352,799.3,0.02251
2906,0.1351,799.5,0.02251
2907,0.1349,799.5,0.02251
2908,0.1348,799.4,0.02251
2909,0.1346,799.5,0.02251
2910,0.1345,799.4,0.02251
2911,0.1344,799.5,0.02251
2912,0.1342,799.6,0.03298
2913,0.1341,799.5,0.02251
2914,0.1339,799.4,0.02251
2915,0.1338,799.5,0.02251
2916,0.1337,799.6,0.03298
2917,0.1335,799.5,0.02251
2918,0.1334,799.5,0.02251
2919,0.1332,799.2,0.02251
2920,0.1331,799.4,0.02251
2921,0.133,799.4,0.03298
2922,0.1328,799.5,0.03298
2923,0.1327,799,0.02251
2924,0.1325,799.5,0.02251
2925,0.1324,799,0.02251
2926,0.1323,799.5,0.02251
2927,0.1321,799.5,0.02251
2928,0.132,799.5,0.02251
2929,0.1318,799,0.02251
2930,0.1317,799.4,0.02251
2931,0.1316,799.5,0.02251
2932,0.1314,799.6,0.02251
2933,0.1313,799.5,0.02251
2934,0.1311,799.2,0.02251
2935,0.131,799.5,0.02251
2936,0.1308,799.5,0.02251
2937,0.1307,799.4,0.03298
2938,0.1306,799.4,0.02251
2939,0.1304,799.5,0.02251
2940,0.1303,799.5,0.02251
2941,0.1301,799.4,0.02251
2942,0.13,799.6,0.02251
2943,0.1299,799.4,0.02251
2944,0.1297,799.5,0.03298
2945,0.1296,799.5,0.02251
2946,0.1294,799.5,0.02251
2947,0.1293,799.4,0.02251
2948,0.1292,799.6,0.02251
2949,0.129,799.5,0.02251
2950,0.1289,799.4,0.02251
2951,0.1287,799.5,0.02251
2952,0.1286,800.3,0.02251
2953,0.1285,799.5,0.02251
2954,0.1283,799.5,0.02251
2955,0.1282,799.5,0.02251
2956,0.128,799.5,0.02251
2957,0.1279,799.6,0.02251
2958,0.1277,799.5,0.02251
2959,0.1276,799.5,0.02251
2960,0.1275,799.5,0.03298
2961,0.1273,799.4,0.02251
2962,0.1272,799.5,0.02251
2963,0.127,799.6,0.02251
2964,0.1269,799.6,0.02251
2965,0.1268,799.4,0.02251
2966,0.1266,799.6,0.03298
2967,0.1265,799.4,0.02251
2968,0.1263,799.5,0.02251
2969,0.1262,799.4,0.02251
2970,0.1261,799.4,0.03298
2971,0.1259,799.4,0.03298
2972,0.1258,799.5,0.02251
2973,0.1256,799.6,0.03298
2974,0.1255,799.4,0.02251
2975,0.1254,799.4,0.03298
2976,0.1252,799.7,0.03298
2977,0.1251,799.4,0.02251
2978,0.1249,799.4,0.02251
2979,0.1248,799.4,0.02251
2980,0.1246,799,0.02251
2981,0.1245,799.6,0.02251
2982,0.1244,799.5,0.03298
2983,0.1242,799.4,0.02251
2984,0.1241,799.4,0.02251
2985,0.1239,799.4,0.03298
2986,0.1238,799.5,0.02251
2987,0.1237,799.4,0.02251
2988,0.1235,799.4,0.02251
2989,0.1234,799,0.02251
2990,0.1232,799.5,0.02251
2991,0.1231,799.6,0.02251
2992,0.123,799.4,0.02251
2993,0.1228,799.4,0.02251
2994,0.1227,799.5,0.02251
2995,0.1225,799.5,0.02251
2996,0.1224,799.4,0.02251
2997,0.1223,799.5,0.03298
2998,0.1221,799.5,0.02251
2999,0.122,799.5,0.02251
3000,0.1218,799.5,0.03298
3001,0.1217,799.5,0.02251
3002,0.1216,799.5,0.03298
3003,0.1214,799.6,0.03298
3004,0.1213,799.4,0.02251
3005,0.1211,799.4,0.02251
3006,0.121,799.5,0.02251
3007,0.1208,799.5,0.02251
3008,0.1207,799.5,0.03298
3009,0.1206,799.3,0.03298
3010,0.1204,799.5,0.02251
3011,0.1203,799.4,0.03298
3012,0.1201,799.6,0.02251
3013,0.12,799.3,0.03298
3014,0.1199,799.4,0.02251
3015,0.1197,799.5,0.02251
3016,0.1196,799.4,0.02251
3017,0.1194,799.6,0.02251
3018,0.1193,799.5,0.03298
3019,0.1192,799.5,0.03298
3020,0.119,799.7,0.02251
3021,0.1189,799.5,0.03298
3022,0.1187,799.4,0.02251
3023,0.1186,799.6,0.02251
3024,0.1185,799.5,0.03298
3025,0.1183,799.4,0.03298
3026,0.1182,799.4,0.02251
3027,0.118,799.5,0.02251
3028,0.1179,799.4,0.03298
3029,0.1177,799.6,0.02251
3030,0.1176,799.5,0.03298
3031,0.1175,799.5,0.02251
3032,0.1173,799.4,0.02251
3033,0.1172,799.5,0.02251
3034,0.117,799.4,0.02251
3035,0.1169,799,0.02251
3036,0.1168,799,0.02251
3037,0.1166,799.4,0.03298
3038,0.1165,799.4,0.02251
3039,0.1163,799.4,0.02251
3040,0.1162,799.5,0.02251
3041,0.1161,799.6,0.03298
3042,0.1159,799.4,0.02251
3043,0.1158,799.4,0.02251
3044,0.1156,799.4,0.02251
3045,0.1155,799.4,0.03298
3046,0.1154,799.5,0.02251
3047,0.1152,799.4,0.03298
3048,0.1151,799.6,0.02251
3049,0.1149,799.4,0.02251
3050,0.1148,799.5,0.02251
3051,0.1146,799.3,0.02251
3052,0.1145,799.4,0.02251
3053,0.1144,799.5,0.02251
3054,0.1142,799.5,0.02251
3055,0.1141,799.6,0.02251
3056,0.1139,799.5,0.03298
3057,0.1138,799,0.02251
3058,0.1137,799.4,0.02251
3059,0.1135,799.4,0.02251
3060,0.1134,799.5,0.02251
3061,0.1132,799.5,0.02251
3062,0.1131,799.6,0.02251
3063,0.113,799.5,0.03298
3064,0.1128,799.5,0.03298
3065,0.1127,799.5,0.02251
3066,0.1125,799.4,0.02251
3067,0.1124,799.5,0.03298
3068,0.1123,799.3,0.02251
3069,0.1121,799.5,0.02251
3070,0.112,800.1,0.03298
3071,0.1118,799,0.02251
3072,0.1117,799.4,0.02251
3073,0.1115,799.5,0.03298
3074,0.1114,799.3,0.02251
3075,0.1113,799.5,0.02251
3076,0.1111,799.6,0.02251
3077,0.111,799.5,0.02251
3078,0.1108,799.5,0.02251
3079,0.1107,799.4,0.02251
3080,0.1106,799.5,0.03298
3081,0.1104,799.2,0.02251
3082,0.1103,799.5,0.02251
3083,0.1101,799.4,0.02251
3084,0.11,799.5,0.03298
3085,0.1099,799.5,0.02251
3086,0.1097,799.9,0.03298
3087,0.1096,799.4,0.02251
3088,0.1094,799.5,0.02251
3089,0.1093,799.6,0.02251
3090,0.1092,799.5,0.02251
3091,0.109,799.5,0.02251
3092,0.1089,799.4,0.02251
3093,0.1087,799.6,0.02251
3094,0.1086,799.3,0.02251
3095,0.1085,799.4,0.02251
3096,0.1083,799.5,0.02251
3097,0.1082,799.4,0.02251
3098,0.108,799.2,0.01204
3099,0.1079,799.5,0.03298
