elapsed_s,power_mA,temperature_C
0,0.001,799.5
0.5,0.001,799.4
1,0.001,799.4
1.5,0.001,799.5
2,0.001,799.4
2.5,0.001,799.4
3,0.001,799.6
3.5,0.001,799.4
4,0.001,799.4
4.5,0.001,799.5
5,0.001,799.4
5.5,0.0109,799.5
6,0.0208,799.3
6.5,0.0307,799.4
7,0.0406,799.4
7.5,0.0505,799.4
8,0.0604,799.6
8.5,0.0703,799.3
9,0.0802,799.6
9.5,0.0901,799.6
10,0.1,799.4
10.5,0.1001,799.3
11,0.1003,799.5
11.5,0.1004,799.4
12,0.1006,799.6
12.5,0.1007,799.5
13,0.1009,799.5
13.5,0.101,799.5
14,0.1012,799.7
14.5,0.1013,799.4
15,0.1015,799.4
15.5,0.1016,799.6
16,0.1017,799.4
16.5,0.1019,799.5
17,0.102,799.6
17.5,0.1022,799.5
18,0.1023,799.5
18.5,0.1025,800.2
19,0.1026,799.4
19.5,0.1028,799.4
20,0.1029,799.5
20.5,0.1031,799.6
21,0.1032,799.5
21.5,0.1034,799
22,0.1035,799.5
22.5,0.1036,799.4
23,0.1038,799.3
23.5,0.1039,799.5
24,0.1041,799.4
24.5,0.1042,799.5
25,0.1044,799.5
25.5,0.1045,799.6
26,0.1047,799.6
26.5,0.1048,799.4
27,0.105,799.6
27.5,0.1051,799.6
28,0.1052,799.4
28.5,0.1054,799.4
29,0.1055,799.4
29.5,0.1057,799.5
30,0.1058,799.6
30.5,0.106,799.4
31,0.1061,799.5
31.5,0.1063,799.6
32,0.1064,799.5
32.5,0.1066,799.5
33,0.1067,799.4
33.5,0.1069,799.5
34,0.107,799.5
34.5,0.1071,799.4
35,0.1073,799.5
35.5,0.1074,799.4
36,0.1076,799.4
36.5,0.1077,799.5
37,0.1079,799.6
37.5,0.108,802.5
38,0.1082,799.5
38.5,0.1083,799.5
39,0.1085,799.3
39.5,0.1086,799.5
40,0.1087,799.1
40.5,0.1089,799.4
41,0.109,799.3
41.5,0.1092,799.3
42,0.1093,799.4
42.5,0.1095,799.4
43,0.1096,799.5
43.5,0.1098,799.5
44,0.1099,799.9
44.5,0.1101,799.5
45,0.1102,799.4
45.5,0.1104,799.5
46,0.1105,799.5
46.5,0.1106,799.5
47,0.1108,799.4
47.5,0.1109,799.5
48,0.1111,799.4
48.5,0.1112,799.4
49,0.1114,799.8
49.5,0.1115,799.5
50,0.1117,799.3
50.5,0.1118,799.4
51,0.112,799.5
51.5,0.1121,799.4
52,0.1123,799.4
52.5,0.1124,799.4
53,0.1125,799.5
53.5,0.1127,799.4
54,0.1128,799.5
54.5,0.113,799.5
55,0.1131,799.4
55.5,0.1133,799.4
56,0.1134,799.6
56.5,0.1136,799.6
57,0.1137,799.5
57.5,0.1139,799.5
58,0.114,799
58.5,0.1141,799.4
59,0.1143,799.5
59.5,0.1144,799.7
60,0.1146,799.4
60.5,0.1147,799.4
61,0.1149,799.5
61.5,0.115,799.4
62,0.1152,799.3
62.5,0.1153,799.4
63,0.1155,799.4
63.5,0.1156,799.5
64,0.1158,799.4
64.5,0.1159,799.6
65,0.116,799.4
65.5,0.1162,799.5
66,0.1163,799.5
66.5,0.1165,799.5
67,0.1166,800.7
67.5,0.1168,799.5
68,0.1169,799.4
68.5,0.1171,799.4
69,0.1172,799.6
69.5,0.1174,799.5
70,0.1175,799.3
70.5,0.1176,799.4
71,0.1178,799.4
71.5,0.1179,799.5
72,0.1181,799.6
72.5,0.1182,799.4
73,0.1184,799.5
73.5,0.1185,799.6
74,0.1187,799.4
74.5,0.1188,799.4
75,0.119,799.5
75.5,0.1191,799.4
76,0.1192,799.4
76.5,0.1194,799.4
77,0.1195,799.4
77.5,0.1197,799.4
78,0.1198,799.5
78.5,0.12,799.4
79,0.1201,799.5
79.5,0.1203,799.6
80,0.1204,799.6
80.5,0.1206,799.5
81,0.1207,799.4
81.5,0.1209,799.5
82,0.121,799.4
82.5,0.1211,799.4
83,0.1213,799.4
83.5,0.1214,799.5
84,0.1216,799
84.5,0.1217,799.5
85,0.1219,799.7
85.5,0.122,799.4
86,0.1222,799.6
86.5,0.1223,799.5
87,0.1225,799.6
87.5,0.1226,799.5
88,0.1227,799.4
88.5,0.1229,799.5
89,0.123,799.4
89.5,0.1232,799.4
90,0.1233,799.5
90.5,0.1235,799.6
91,0.1236,799.4
91.5,0.1238,799.4
92,0.1239,799.4
92.5,0.1241,799.4
93,0.1242,799.5
93.5,0.1244,799.5
94,0.1245,799.4
94.5,0.1246,799.4
95,0.1248,799.5
95.5,0.1249,799.6
96,0.1251,799.3
96.5,0.1252,799.4
97,0.1254,799.8
97.5,0.1255,799.4
98,0.1257,799.4
98.5,0.1258,799.5
99,0.126,799
99.5,0.1261,799.5
100,0.1263,799.4
100.5,0.1264,799.5
101,0.1265,799.4
101.5,0.1267,799.5
102,0.1268,799.4
102.5,0.127,799.4
103,0.1271,799.5
103.5,0.1273,799.4
104,0.1274,799.4
104.5,0.1276,799.3
105,0.1277,799.5
105.5,0.1279,799.5
106,0.128,799.4
106.5,0.1281,799.4
107,0.1283,799.4
107.5,0.1284,799.4
108,0.1286,799.4
108.5,0.1287,799.4
109,0.1289,799.4
109.5,0.129,799.6
110,0.1292,799.5
110.5,0.1293,799.4
111,0.1295,799.4
111.5,0.1296,799.4
112,0.1298,800.7
112.5,0.1299,799.5
113,0.13,799.7
113.5,0.1302,799.3
114,0.1303,799.5
114.5,0.1305,799.5
115,0.1306,801.6
115.5,0.1308,799.4
116,0.1309,799.6
116.5,0.1311,799.8
117,0.1312,799.4
117.5,0.1314,799.4
118,0.1315,799.4
118.5,0.1316,799.4
119,0.1318,799.6
119.5,0.1319,799.4
120,0.1321,799.4
120.5,0.1322,799.4
121,0.1324,799.4
121.5,0.1325,799.5
122,0.1327,799.4
122.5,0.1328,799.6
123,0.133,799.6
123.5,0.1331,799.5
124,0.1333,799.5
124.5,0.1334,799.4
125,0.1335,799.4
125.5,0.1337,799.4
126,0.1338,799.5
126.5,0.134,799.5
127,0.1341,799.5
127.5,0.1343,799.6
128,0.1344,799.5
128.5,0.1346,799.6
129,0.1347,799.6
129.5,0.1349,799.4
130,0.135,799.5
130.5,0.1351,799.5
131,0.1353,799.3
131.5,0.1354,799.7
132,0.1356,799.5
132.5,0.1357,800.7
133,0.1359,799.4
133.5,0.136,799.5
134,0.1362,799.5
134.5,0.1363,799.4
135,0.1365,799.5
135.5,0.1366,799.4
136,0.1368,799.6
136.5,0.1369,799.6
137,0.137,799.4
137.5,0.1372,799.5
138,0.1373,799.4
138.5,0.1375,799.8
139,0.1376,799.5
139.5,0.1378,799.4
140,0.1379,799.5
140.5,0.1381,799.6
141,0.1382,799.4
141.5,0.1384,799
142,0.1385,799.4
142.5,0.1386,799.4
143,0.1388,799.5
143.5,0.1389,799.4
144,0.1391,799.7
144.5,0.1392,799.5
145,0.1394,799.5
145.5,0.1395,799.4
146,0.1397,799.7
146.5,0.1398,799.4
147,0.14,799.7
147.5,0.1401,799.5
148,0.1403,799.5
148.5,0.1404,799.4
149,0.1405,799.6
149.5,0.1407,799
150,0.1408,799.7
150.5,0.141,799.5
151,0.1411,799.7
151.5,0.1413,799.4
152,0.1414,799.5
152.5,0.1416,799.4
153,0.1417,799.5
153.5,0.1419,799.4
154,0.142,799.3
154.5,0.1421,799.4
155,0.1423,799.4
155.5,0.1424,799.4
156,0.1426,799.5
156.5,0.1427,799.4
157,0.1429,799.4
157.5,0.143,799.6
158,0.1432,799.5
158.5,0.1433,799.4
159,0.1435,799.6
159.5,0.1436,799.4
160,0.1437,799.6
160.5,0.1439,799.4
161,0.144,799.5
161.5,0.1442,799.4
162,0.1443,799.4
162.5,0.1445,799.5
163,0.1446,799.5
163.5,0.1448,799.6
164,0.1449,799.4
164.5,0.1451,799.5
165,0.1452,799.6
165.5,0.1454,799.6
166,0.1455,799.5
166.5,0.1456,799.4
167,0.1458,799.7
167.5,0.1459,799.4
168,0.1461,799.4
168.5,0.1462,799.4
169,0.1464,799.5
169.5,0.1465,799.6
170,0.1467,799.4
170.5,0.1468,799.8
171,0.147,799.5
171.5,0.1471,799.4
172,0.1472,799.4
172.5,0.1474,799.3
173,0.1475,799.5
173.5,0.1477,799.5
174,0.1478,799.3
174.5,0.148,799.8
175,0.1481,799
175.5,0.1483,799.3
176,0.1484,799.4
176.5,0.1486,799
177,0.1487,799.4
177.5,0.1489,799.4
178,0.149,799.4
178.5,0.1491,799.4
179,0.1493,799.6
179.5,0.1494,799.4
180,0.1496,799.5
180.5,0.1497,799.6
181,0.1499,799.6
181.5,0.15,799.4
182,0.1502,799.5
182.5,0.1503,799.4
183,0.1505,799.5
183.5,0.1506,799.5
184,0.1507,799.3
184.5,0.1509,799.4
185,0.151,799.4
185.5,0.1512,799.4
186,0.1513,799.4
186.5,0.1515,799.4
187,0.1516,799.5
187.5,0.1518,799.5
188,0.1519,799.4
188.5,0.1521,799.4
189,0.1522,799.4
189.5,0.1524,799.4
190,0.1525,799.5
190.5,0.1526,799.7
191,0.1528,799.7
191.5,0.1529,799.4
192,0.1531,799.5
192.5,0.1532,799.3
193,0.1534,799.5
193.5,0.1535,799.4
194,0.1537,799.6
194.5,0.1538,799.4
195,0.154,799.4
195.5,0.1541,799.5
196,0.1542,799.5
196.5,0.1544,799.4
197,0.1545,799.3
197.5,0.1547,799.5
198,0.1548,799.4
198.5,0.155,799.5
199,0.1551,799.5
199.5,0.1553,799.4
200,0.1554,799.7
200.5,0.1556,799.5
201,0.1557,799.6
201.5,0.1559,799.4
202,0.156,799.5
202.5,0.1561,799.5
203,0.1563,799.5
203.5,0.1564,799
204,0.1566,799.4
204.5,0.1567,799.7
205,0.1569,799.6
205.5,0.157,799.6
206,0.1572,799.4
206.5,0.1573,799.4
207,0.1575,799.4
207.5,0.1576,799.4
208,0.1578,799.7
208.5,0.1579,799.4
209,0.158,799.7
209.5,0.1582,799.5
210,0.1583,799.6
210.5,0.1585,799.5
211,0.1586,799.4
211.5,0.1588,799.3
212,0.1589,799.7
212.5,0.1591,799.3
213,0.1592,799
213.5,0.1594,799.5
214,0.1595,799.8
214.5,0.1596,799.4
215,0.1598,799.4
215.5,0.1599,799.6
216,0.1601,799.7
216.5,0.1602,799.3
217,0.1604,799
217.5,0.1605,799.4
218,0.1607,799.6
218.5,0.1608,799.6
219,0.161,799.7
219.5,0.1611,799.7
220,0.1613,799.4
220.5,0.1614,799.4
221,0.1615,799
221.5,0.1617,799.4
222,0.1618,799.4
222.5,0.162,799.4
223,0.1621,799.5
223.5,0.1623,799.6
224,0.1624,799.6
224.5,0.1626,799.7
225,0.1627,799.5
225.5,0.1629,799.5
226,0.163,799
226.5,0.1631,799.5
227,0.1633,799.7
227.5,0.1634,799.4
228,0.1636,799.5
228.5,0.1637,799.4
229,0.1639,799.6
229.5,0.164,799.4
230,0.1642,799
230.5,0.1643,799.7
231,0.1645,799.5
231.5,0.1646,799.6
232,0.1648,799.5
232.5,0.1649,799.4
233,0.165,799.4
233.5,0.1652,800.2
234,0.1653,799.4
234.5,0.1655,799.5
235,0.1656,799.7
235.5,0.1658,799.4
236,0.1659,799.4
236.5,0.1661,799.6
237,0.1662,799.4
237.5,0.1664,799.4
238,0.1665,799.4
238.5,0.1666,799.3
239,0.1668,799.4
239.5,0.1669,799.6
240,0.1671,799.6
240.5,0.1672,799.4
241,0.1674,799.4
241.5,0.1675,799.4
242,0.1677,799.4
242.5,0.1678,799.4
243,0.168,799.5
243.5,0.1681,799.5
244,0.1683,799.6
244.5,0.1684,799.6
245,0.1685,799.5
245.5,0.1687,799.4
246,0.1688,799.6
246.5,0.169,799.6
247,0.1691,799.5
247.5,0.1693,799
248,0.1694,799.4
248.5,0.1696,799.5
249,0.1697,799.5
249.5,0.1699,799.6
250,0.17,799.6
250.5,0.1701,799.5
251,0.1703,799.7
251.5,0.1704,799.5
252,0.1706,799
252.5,0.1707,800.8
253,0.1709,800
253.5,0.171,799
254,0.1712,799.5
254.5,0.1713,799.5
255,0.1715,799.5
255.5,0.1716,799.4
256,0.1718,799.5
256.5,0.1719,799.2
257,0.172,799.2
257.5,0.1722,799.5
258,0.1723,799.7
258.5,0.1725,799.4
259,0.1726,800
259.5,0.1728,799.8
260,0.1729,799.6
260.5,0.1731,799.4
261,0.1732,799.4
261.5,0.1734,799.5
262,0.1735,799.4
262.5,0.1736,799.5
263,0.1738,799.5
263.5,0.1739,799.7
264,0.1741,799.5
264.5,0.1742,799.4
265,0.1744,799.5
265.5,0.1745,799.4
266,0.1747,799.5
266.5,0.1748,799.4
267,0.175,799.6
267.5,0.1751,799.5
268,0.1752,799.5
268.5,0.1754,799.5
269,0.1755,799.4
269.5,0.1757,799.5
270,0.1758,799.4
270.5,0.176,799.4
271,0.1761,799.5
271.5,0.1763,799.3
272,0.1764,799.5
272.5,0.1766,799.5
273,0.1767,799.4
273.5,0.1769,799.4
274,0.177,799.4
274.5,0.1771,799.4
275,0.1773,799.5
275.5,0.1774,799.5
276,0.1776,799.5
276.5,0.1777,799.4
277,0.1779,799.4
277.5,0.178,799.5
278,0.1782,799.3
278.5,0.1783,799.5
279,0.1785,799.6
279.5,0.1786,799.6
280,0.1787,799.6
280.5,0.1789,799
281,0.179,799.5
281.5,0.1792,799.4
282,0.1793,799.6
282.5,0.1795,799.6
283,0.1796,799.4
283.5,0.1798,800.1
284,0.1799,799.4
284.5,0.1801,799.4
285,0.1802,799.4
285.5,0.1804,799.3
286,0.1805,799.4
286.5,0.1806,799.4
287,0.1808,799.3
287.5,0.1809,799.4
288,0.1811,799.2
288.5,0.1812,799.4
289,0.1814,801.2
289.5,0.1815,799.6
290,0.1817,799.3
290.5,0.1818,799.6
291,0.182,799.4
291.5,0.1821,799.5
292,0.1822,799.5
292.5,0.1824,799.6
293,0.1825,799.5
293.5,0.1827,799.7
294,0.1828,799.5
294.5,0.183,799.7
295,0.1831,799.5
295.5,0.1833,802.5
296,0.1834,799.5
296.5,0.1836,799.1
297,0.1837,799.5
297.5,0.1839,799.5
298,0.184,799.4
298.5,0.1841,799.5
299,0.1843,799.4
299.5,0.1844,799.4
300,0.1846,799.3
300.5,0.1847,799.4
301,0.1849,799.5
301.5,0.185,799.4
302,0.1852,799.2
302.5,0.1853,799.4
303,0.1855,799.5
303.5,0.1856,799.5
304,0.1857,799.5
304.5,0.1859,799.6
305,0.186,799.5
305.5,0.1862,799.2
306,0.1863,799.4
306.5,0.1865,799.4
307,0.1866,799.4
307.5,0.1868,799.4
308,0.1869,799.9
308.5,0.1871,799.5
309,0.1872,799.4
309.5,0.1874,800.5
310,0.1875,799.4
310.5,0.1876,799.4
311,0.1878,799.7
311.5,0.1879,799.5
312,0.1881,799.7
312.5,0.1882,799.4
313,0.1884,799.5
313.5,0.1885,799.6
314,0.1887,799.4
314.5,0.1888,799.6
315,0.189,799.7
315.5,0.1891,799.6
316,0.1893,799.5
316.5,0.1894,799.4
317,0.1895,799.8
317.5,0.1897,799.5
318,0.1898,799.8
318.5,0.19,799.5
319,0.1901,799.4
319.5,0.1903,799.5
320,0.1904,800.9
320.5,0.1906,799.4
321,0.1907,799.5
321.5,0.1909,799.5
322,0.191,799.5
322.5,0.1911,799.6
323,0.1913,799.4
323.5,0.1914,799.6
324,0.1916,799
324.5,0.1917,799.4
325,0.1919,799.5
325.5,0.192,799.7
326,0.1922,799.6
326.5,0.1923,799.6
327,0.1925,799.4
327.5,0.1926,799.5
328,0.1928,799.5
328.5,0.1929,799.6
329,0.193,799.5
329.5,0.1932,799.5
330,0.1933,799.9
330.5,0.1935,799.4
331,0.1936,799.6
331.5,0.1938,799.5
332,0.1939,799.5
332.5,0.1941,799.2
333,0.1942,799.5
333.5,0.1944,799.1
334,0.1945,799.5
334.5,0.1946,799.5
335,0.1948,799.5
335.5,0.1949,799.6
336,0.1951,799.5
336.5,0.1952,801.3
337,0.1954,802.3
337.5,0.1955,799.4
338,0.1957,799.4
338.5,0.1958,799.5
339,0.196,799.5
339.5,0.1961,799.5
340,0.1963,799.4
340.5,0.1964,799.7
341,0.1965,799.5
341.5,0.1967,803.2
342,0.1968,802.7
342.5,0.197,799.5
343,0.1971,800.2
343.5,0.1973,799.9
344,0.1974,799.3
344.5,0.1976,799.5
345,0.1977,799.4
345.5,0.1979,799.5
346,0.198,799
346.5,0.1981,799.5
347,0.1983,799
347.5,0.1984,799.4
348,0.1986,799.1
348.5,0.1987,799.2
349,0.1989,799.3
349.5,0.199,799.6
350,0.1992,799.7
350.5,0.1993,799.4
351,0.1995,799
351.5,0.1996,799.4
352,0.1998,799.4
352.5,0.1999,799.5
353,0.2,799.4
353.5,0.2002,799.5
354,0.2003,799.4
354.5,0.2005,799.5
355,0.2006,799.3
355.5,0.2008,799.6
356,0.2009,799.6
356.5,0.2011,799.4
357,0.2012,799.7
357.5,0.2014,799.5
358,0.2015,799.4
358.5,0.2016,799.5
359,0.2018,799.9
359.5,0.2019,800.3
360,0.2021,799.2
360.5,0.2022,799
361,0.2024,799.4
361.5,0.2025,799.6
362,0.2027,799.4
362.5,0.2028,799.4
363,0.203,799
363.5,0.2031,799.2
364,0.2032,799.5
364.5,0.2034,799.4
365,0.2035,799
365.5,0.2037,799.6
366,0.2038,799.4
366.5,0.204,799.6
367,0.2041,799.4
367.5,0.2043,799.8
368,0.2044,799.3
368.5,0.2046,799.5
369,0.2047,799.4
369.5,0.2049,799.6
370,0.205,799.6
370.5,0.2051,799.3
371,0.2053,800.4
371.5,0.2054,799.4
372,0.2056,799.3
372.5,0.2057,799.4
373,0.2059,799.6
373.5,0.206,799.8
374,0.2062,799.3
374.5,0.2063,799.4
375,0.2065,799
375.5,0.2066,799.5
376,0.2067,799.4
376.5,0.2069,799.4
377,0.207,799.5
377.5,0.2072,799.4
378,0.2073,799.4
378.5,0.2075,799
379,0.2076,799.5
379.5,0.2078,799.2
380,0.2079,799.5
380.5,0.2081,800
381,0.2082,799.6
381.5,0.2084,799.5
382,0.2085,799.6
382.5,0.2086,799.4
383,0.2088,799.4
383.5,0.2089,799.4
384,0.2091,799.4
384.5,0.2092,799.5
385,0.2094,799.5
385.5,0.2095,799.6
386,0.2097,799.7
386.5,0.2098,799.4
387,0.21,799.8
387.5,0.2101,799.5
388,0.2102,799.5
388.5,0.2104,799.6
389,0.2105,799.5
389.5,0.2107,799.4
390,0.2108,799.5
390.5,0.211,799.6
391,0.2111,799.4
391.5,0.2113,799.5
392,0.2114,800.3
392.5,0.2116,799.4
393,0.2117,799.5
393.5,0.2119,799.6
394,0.212,800
394.5,0.2121,799.4
395,0.2123,799.2
395.5,0.2124,799.5
396,0.2126,799.5
396.5,0.2127,799.4
397,0.2129,799.9
397.5,0.213,799.4
398,0.2132,799.5
398.5,0.2133,799
399,0.2135,799
399.5,0.2136,799.5
400,0.2137,800.7
400.5,0.2139,799.4
401,0.214,800.4
401.5,0.2142,799.6
402,0.2143,799.5
402.5,0.2145,799.6
403,0.2146,799.4
403.5,0.2148,799.6
404,0.2149,799.4
404.5,0.2151,799.4
405,0.2152,799.5
405.5,0.2154,799.4
406,0.2155,799.7
406.5,0.2156,799.4
407,0.2158,799.3
407.5,0.2159,799.3
408,0.2161,799.4
408.5,0.2162,801.8
409,0.2164,799.3
409.5,0.2165,799.3
410,0.2167,799.4
410.5,0.2168,799.5
411,0.217,799.5
411.5,0.2171,799.6
412,0.2172,799.8
412.5,0.2174,800.6
413,0.2175,799.5
413.5,0.2177,799.4
414,0.2178,799.5
414.5,0.218,799.5
415,0.2181,799.7
415.5,0.2183,799.6
416,0.2184,799.8
416.5,0.2186,799.4
417,0.2187,799.5
417.5,0.2189,799.4
418,0.219,799.9
418.5,0.2191,799.4
419,0.2193,799.4
419.5,0.2194,799.5
420,0.2196,799.5
420.5,0.2197,799.5
421,0.2199,799.5
421.5,0.22,799.4
422,0.2202,799.4
422.5,0.2203,799.5
423,0.2205,799
423.5,0.2206,799.5
424,0.2208,799.4
424.5,0.2209,799.4
425,0.221,799.5
425.5,0.2212,799.5
426,0.2213,799.5
426.5,0.2215,799.4
427,0.2216,799.4
427.5,0.2218,799.6
428,0.2219,799.4
428.5,0.2221,799.5
429,0.2222,799.5
429.5,0.2224,799.6
430,0.2225,799.5
430.5,0.2226,799.7
431,0.2228,799.4
431.5,0.2229,799.3
432,0.2231,799.5
432.5,0.2232,799.3
433,0.2234,799.4
433.5,0.2235,799.5
434,0.2237,799.4
434.5,0.2238,799.4
435,0.224,799.4
435.5,0.2241,799.5
436,0.2243,799
436.5,0.2244,799.5
437,0.2245,800.1
437.5,0.2247,799.4
438,0.2248,799.4
438.5,0.225,799.5
439,0.2251,799.5
439.5,0.2253,799.7
440,0.2254,799.1
440.5,0.2256,799.4
441,0.2257,799.5
441.5,0.2259,799.6
442,0.226,799.6
442.5,0.2261,799.4
443,0.2263,799.4
443.5,0.2264,799.4
444,0.2266,799.5
444.5,0.2267,799.1
445,0.2269,799.3
445.5,0.227,799.3
446,0.2272,799.4
446.5,0.2273,799.4
447,0.2275,799.4
447.5,0.2276,799.5
448,0.2278,799.4
448.5,0.2279,799.4
449,0.228,802.8
449.5,0.2282,799.3
450,0.2283,799.6
450.5,0.2285,799.5
451,0.2286,800
451.5,0.2288,799.6
452,0.2289,799
452.5,0.2291,799.5
453,0.2292,799.5
453.5,0.2294,799.6
454,0.2295,799.5
454.5,0.2296,799.8
455,0.2298,799.4
455.5,0.2299,799.4
456,0.2301,799.4
456.5,0.2302,799.3
457,0.2304,799.6
457.5,0.2305,800.3
458,0.2307,799.4
458.5,0.2308,799.1
459,0.231,799.6
459.5,0.2311,799.2
460,0.2313,799
460.5,0.2314,799.6
461,0.2315,799
461.5,0.2317,799.5
462,0.2318,799.5
462.5,0.232,799.4
463,0.2321,799.4
463.5,0.2323,799.4
464,0.2324,799.4
464.5,0.2326,799.5
465,0.2327,799.5
465.5,0.2329,799.4
466,0.233,799.5
466.5,0.2331,799.5
467,0.2333,799.4
467.5,0.2334,799
468,0.2336,799.7
468.5,0.2337,799.4
469,0.2339,799.5
469.5,0.234,799.6
470,0.2342,799.4
470.5,0.2343,799.4
471,0.2345,799.3
471.5,0.2346,799.5
472,0.2347,799.1
472.5,0.2349,799.5
473,0.235,799.4
473.5,0.2352,800.3
474,0.2353,799.4
474.5,0.2355,799.5
475,0.2356,799.5
475.5,0.2358,799.6
476,0.2359,799.5
476.5,0.2361,799.5
477,0.2362,799.4
477.5,0.2364,799.5
478,0.2365,799.5
478.5,0.2366,799.4
479,0.2368,799
479.5,0.2369,800.4
480,0.2371,799.4
480.5,0.2372,799.8
481,0.2374,799
481.5,0.2375,799.4
482,0.2377,800.1
482.5,0.2378,799.4
483,0.238,799.5
483.5,0.2381,799.4
484,0.2382,799.6
484.5,0.2384,799.4
485,0.2385,799.5
485.5,0.2387,799.6
486,0.2388,799.4
486.5,0.239,799.5
487,0.2391,804.2
487.5,0.2393,799.4
488,0.2394,799.6
488.5,0.2396,799.4
489,0.2397,799.5
489.5,0.2399,799.4
490,0.24,799.5
490.5,0.2401,799.4
491,0.2403,800
491.5,0.2404,799.8
492,0.2406,799.4
492.5,0.2407,799
493,0.2409,799.4
493.5,0.241,799.4
494,0.2412,799.5
494.5,0.2413,799.4
495,0.2415,799.5
495.5,0.2416,799
496,0.2417,799.6
496.5,0.2419,802.1
497,0.242,799.3
497.5,0.2422,800.5
498,0.2423,799.2
498.5,0.2425,799.6
499,0.2426,799.4
499.5,0.2428,799.5
500,0.2429,799.4
500.5,0.2431,799.9
501,0.2432,799.4
501.5,0.2434,801.3
502,0.2435,799.5
502.5,0.2436,799.5
503,0.2438,800.4
503.5,0.2439,799.4
504,0.2441,800.8
504.5,0.2442,800.6
505,0.2444,799.5
505.5,0.2445,800.4
506,0.2447,802.5
506.5,0.2448,799.4
507,0.245,800.1
507.5,0.2451,799.5
508,0.2452,799.5
508.5,0.2454,799.5
509,0.2455,799.5
509.5,0.2457,799.6
510,0.2458,799
510.5,0.246,799
511,0.2461,799.5
511.5,0.2463,799.4
512,0.2464,801.6
512.5,0.2466,799.4
513,0.2467,799.6
513.5,0.2469,799.4
514,0.247,799.4
514.5,0.2471,799.8
515,0.2473,799.3
515.5,0.2474,799
516,0.2476,799.5
516.5,0.2477,799.5
517,0.2479,799
517.5,0.248,799
518,0.2482,799.4
518.5,0.2483,799.6
519,0.2485,799.5
519.5,0.2486,799.5
520,0.2487,799.5
520.5,0.2489,799.6
521,0.249,799.4
521.5,0.2492,799.5
522,0.2493,799.6
522.5,0.2495,803.3
523,0.2496,799.5
523.5,0.2498,799.5
524,0.2499,799.4
524.5,0.2501,799.5
525,0.2502,800.2
525.5,0.2504,799.4
526,0.2505,800.4
526.5,0.2506,799.6
527,0.2508,799
527.5,0.2509,799.5
528,0.2511,799.8
528.5,0.2512,800.4
529,0.2514,799.5
529.5,0.2515,799.4
530,0.2517,800.5
530.5,0.2518,799.5
531,0.252,799.4
531.5,0.2521,799
532,0.2522,799.3
532.5,0.2524,799.4
533,0.2525,799
533.5,0.2527,799.6
534,0.2528,799.5
534.5,0.253,799.4
535,0.2531,799.5
535.5,0.2533,799.5
536,0.2534,799.3
536.5,0.2536,799.5
537,0.2537,799.5
537.5,0.2539,799
538,0.254,799.4
538.5,0.2541,799.5
539,0.2543,799
539.5,0.2544,799.4
540,0.2546,799.6
540.5,0.2547,799.4
541,0.2549,799.5
541.5,0.255,799.4
542,0.2552,799.2
542.5,0.2553,799.5
543,0.2555,799.5
543.5,0.2556,799.6
544,0.2557,799.4
544.5,0.2559,799.6
545,0.256,799.4
545.5,0.2562,799.5
546,0.2563,799.5
546.5,0.2565,799.4
547,0.2566,799.4
547.5,0.2568,799.7
548,0.2569,799.5
548.5,0.2571,799.6
549,0.2572,799.5
549.5,0.2574,799.4
550,0.2575,799.5
550.5,0.2576,799
551,0.2578,799.6
551.5,0.2579,799.4
552,0.2581,799.4
552.5,0.2582,799.5
553,0.2584,799.8
553.5,0.2585,799.5
554,0.2587,799
554.5,0.2588,799.5
555,0.259,799.5
555.5,0.2591,799.4
556,0.2592,799.4
556.5,0.2594,799.3
557,0.2595,799.4
557.5,0.2597,799.4
558,0.2598,799.6
558.5,0.26,799.5
559,0.2601,799.6
559.5,0.2603,799.5
560,0.2604,799.4
560.5,0.2606,799.4
561,0.2607,799.4
561.5,0.2609,799.4
562,0.261,799.6
562.5,0.2611,799.4
563,0.2613,799.4
563.5,0.2614,799.4
564,0.2616,799.7
564.5,0.2617,799
565,0.2619,799.5
565.5,0.262,799.5
566,0.2622,799.4
566.5,0.2623,799.5
567,0.2625,799.4
567.5,0.2626,799.4
568,0.2627,800.7
568.5,0.2629,799.6
569,0.263,799.4
569.5,0.2632,799.5
570,0.2633,799.4
570.5,0.2635,799.4
571,0.2636,799.5
571.5,0.2638,799.4
572,0.2639,799
572.5,0.2641,799.5
573,0.2642,799.5
573.5,0.2644,799.6
574,0.2645,799.4
574.5,0.2646,799.6
575,0.2648,799.8
575.5,0.2649,799.4
576,0.2651,799.6
576.5,0.2652,799.4
577,0.2654,799.4
577.5,0.2655,799.6
578,0.2657,799.4
578.5,0.2658,799.4
579,0.266,799.5
579.5,0.2661,799.5
580,0.2662,799.4
580.5,0.2664,799.5
581,0.2665,799.4
581.5,0.2667,799.4
582,0.2668,799.5
582.5,0.267,799.4
583,0.2671,799.4
583.5,0.2673,799.5
584,0.2674,799.5
584.5,0.2676,799.3
585,0.2677,801.1
585.5,0.2679,799
586,0.268,799.4
586.5,0.2681,799.5
587,0.2683,799.5
587.5,0.2684,799.4
588,0.2686,799
588.5,0.2687,799.3
589,0.2689,799.4
589.5,0.269,799
590,0.2692,800.4
590.5,0.2693,799.5
591,0.2695,799.4
591.5,0.2696,799.4
592,0.2697,801.2
592.5,0.2699,799
593,0.27,799.2
593.5,0.2702,799.4
594,0.2703,799.4
594.5,0.2705,799.3
595,0.2706,799.6
595.5,0.2708,799.4
596,0.2709,799
596.5,0.2711,799.5
597,0.2712,799.4
597.5,0.2714,799
598,0.2715,799.8
598.5,0.2716,800.9
599,0.2718,799.3
599.5,0.2719,799.6
600,0.2721,799.4
600.5,0.2722,799.4
601,0.2724,799.5
601.5,0.2725,799.5
602,0.2727,799.5
602.5,0.2728,799.3
603,0.273,799.1
603.5,0.2731,799.4
604,0.2732,801
604.5,0.2734,802.2
605,0.2735,799.4
605.5,0.2737,803.3
606,0.2738,799.1
606.5,0.274,800.7
607,0.2741,799.5
607.5,0.2743,799.5
608,0.2744,799.5
608.5,0.2746,799.5
609,0.2747,800.5
609.5,0.2749,799.5
610,0.275,799.5
610.5,0.2751,799.5
611,0.2753,799
611.5,0.2754,800.5
612,0.2756,799.6
612.5,0.2757,799.3
613,0.2759,799.6
613.5,0.276,800.2
614,0.2762,800.6
614.5,0.2763,801.7
615,0.2765,801.5
615.5,0.2766,801.8
616,0.2767,802
616.5,0.2769,802.5
617,0.277,803.1
617.5,0.2772,803.4
618,0.2773,803.8
618.5,0.2775,804.9
619,0.2776,805.4
619.5,0.2778,807
620,0.2779,805.2
620.5,0.2781,805.7
621,0.2782,805.8
621.5,0.2784,806.7
622,0.2785,807
622.5,0.2786,807.3
623,0.2788,807.8
623.5,0.2789,804.7
624,0.2791,808.3
624.5,0.2792,809.1
625,0.2794,809.5
625.5,0.2795,809.6
626,0.2797,810.2
626.5,0.2798,810.6
627,0.28,811
627.5,0.2801,811.3
628,0.2802,811.9
628.5,0.2804,813.2
629,0.2805,815.9
629.5,0.2807,813.2
630,0.2808,813.9
630.5,0.281,813.5
631,0.2811,814
631.5,0.2813,814.5
632,0.2814,814.9
632.5,0.2816,815.3
633,0.2817,815.7
633.5,0.2819,816.1
634,0.282,816.3
634.5,0.2821,816.1
635,0.2823,817.2
635.5,0.2824,817.4
636,0.2826,817.9
636.5,0.2827,818.2
637,0.2829,820.7
637.5,0.283,819
638,0.2832,819.2
638.5,0.2833,819.7
639,0.2835,819.9
639.5,0.2836,820.4
640,0.2838,820.7
640.5,0.2839,823
641,0.284,821.5
641.5,0.2842,822.2
642,0.2843,822.2
642.5,0.2845,822.8
643,0.2846,823
643.5,0.2848,823.4
644,0.2849,823.1
644.5,0.2851,824.1
645,0.2852,824.8
645.5,0.2854,824.9
646,0.2855,825.1
646.5,0.2856,824.6
647,0.2858,826
647.5,0.2859,826.3
648,0.2861,826.7
648.5,0.2862,827.2
649,0.2864,829.2
649.5,0.2865,827.8
650,0.2867,828.3
650.5,0.2868,828.5
651,0.287,829
651.5,0.2871,829
652,0.2873,830.4
652.5,0.2874,830.2
653,0.2875,830.3
653.5,0.2877,830.6
654,0.2878,827.7
654.5,0.288,831.1
655,0.2881,831.5
655.5,0.2883,831.8
656,0.2884,832.4
656.5,0.2886,832.4
657,0.2887,832.9
657.5,0.2889,834
658,0.289,833.1
658.5,0.2891,833.7
659,0.2893,834.4
659.5,0.2894,834.5
660,0.2896,834.9
660.5,0.2897,835.1
661,0.2899,835.4
661.5,0.29,835.7
662,0.2902,836.2
662.5,0.2903,836.7
663,0.2905,836.9
663.5,0.2906,837.1
664,0.2908,837.7
664.5,0.2909,838.7
665,0.291,838.4
665.5,0.2912,837.3
666,0.2913,839.1
666.5,0.2915,839.5
667,0.2916,840
667.5,0.2918,840.2
668,0.2919,840.5
668.5,0.2921,841.6
669,0.2922,841
669.5,0.2924,841.3
670,0.2925,841.7
670.5,0.2926,842
671,0.2928,842.3
671.5,0.2929,842.5
672,0.2931,842.9
672.5,0.2932,843.1
673,0.2934,843.6
673.5,0.2935,843.7
674,0.2937,844.2
674.5,0.2938,844.5
675,0.294,844.7
675.5,0.2941,845.3
676,0.2943,845.5
676.5,0.2944,845.7
677,0.2945,846.1
677.5,0.2947,846.4
678,0.2948,848.6
678.5,0.295,846.9
679,0.2951,847.5
679.5,0.2953,847.7
680,0.2954,847.9
680.5,0.2956,848.2
681,0.2957,848.9
681.5,0.2959,848.8
682,0.296,849
682.5,0.2961,849.3
683,0.2963,849.7
683.5,0.2964,850.1
684,0.2964,848.7
684.5,0.2948,850.8
685,0.2931,850.6
685.5,0.2914,851.3
686,0.2898,851.2
686.5,0.2881,851.4
687,0.2864,852.1
687.5,0.2848,854.7
688,0.2831,852.5
688.5,0.2814,852.7
689,0.2798,853.3
689.5,0.2781,852.4
690,0.2764,853.6
690.5,0.2748,854.7
691,0.2731,854
691.5,0.2714,854.3
692,0.2698,854.3
692.5,0.2681,854.7
693,0.2664,854.9
693.5,0.2648,855.2
694,0.2631,855.3
694.5,0.2614,855.6
695,0.2598,855.8
695.5,0.2581,856.1
696,0.2564,856.3
696.5,0.2548,860.5
697,0.2531,856.8
697.5,0.2514,856.7
698,0.2498,856.5
698.5,0.2481,857.9
699,0.2464,857.5
699.5,0.2448,852.5
700,0.2431,857.3
700.5,0.2414,857.2
701,0.2398,857.3
701.5,0.2381,857.4
702,0.2364,857.1
702.5,0.2348,857.6
703,0.2331,857.4
703.5,0.2314,857.4
704,0.2298,857.4
704.5,0.2281,857.7
705,0.2264,857.3
705.5,0.2248,857.4
706,0.2231,857.2
706.5,0.2214,856.6
707,0.2198,857.2
707.5,0.2181,857.2
708,0.2164,856.9
708.5,0.2148,857
709,0.2131,857
709.5,0.2114,856.6
710,0.2098,856.5
710.5,0.2081,853.2
711,0.2064,856
711.5,0.2048,855.9
712,0.2031,855.6
712.5,0.2014,855.6
713,0.1998,855.2
713.5,0.1981,854.9
714,0.1964,854.6
714.5,0.1948,854
715,0.1931,854.4
715.5,0.1914,854
716,0.1898,853.7
716.5,0.1881,853.4
717,0.1864,852.6
717.5,0.1848,852.8
718,0.1831,852.4
718.5,0.1814,853.8
719,0.1798,851.3
719.5,0.1781,851.3
720,0.1764,851.1
720.5,0.1748,851.3
721,0.1731,849.1
721.5,0.1714,849.6
722,0.1698,849.3
722.5,0.1681,848.9
723,0.1664,846.8
723.5,0.1648,847.8
724,0.1631,847.2
724.5,0.1614,846.5
725,0.1598,845.9
725.5,0.1581,845.2
726,0.1564,844.8
726.5,0.1548,844
727,0.1531,843.1
727.5,0.1514,842.7
728,0.1498,841.7
728.5,0.1481,841
729,0.1464,840.3
729.5,0.1448,839.3
730,0.1431,838.5
730.5,0.1414,837.6
731,0.1398,836.7
731.5,0.1381,836
732,0.1364,835
732.5,0.1348,834.3
733,0.1331,833.2
733.5,0.1314,832.3
734,0.1298,831.4
734.5,0.1281,830.3
735,0.1264,829.5
735.5,0.1248,828.5
736,0.1231,827.4
736.5,0.1214,826.5
737,0.1198,825.5
737.5,0.1181,824.5
738,0.1164,823.4
738.5,0.1148,822.5
739,0.1131,824
739.5,0.1114,820.5
740,0.1098,819.4
740.5,0.1081,818.4
741,0.1064,817.4
741.5,0.1048,816.2
742,0.1031,815.1
742.5,0.1014,814.2
743,0.09977,813.3
743.5,0.0981,812
744,0.09644,811
744.5,0.09477,810
745,0.0931,809.1
745.5,0.09144,807.9
746,0.08977,807.1
746.5,0.0881,806.1
747,0.08644,804.8
747.5,0.08477,803.7
748,0.0831,802.4
748.5,0.08144,801.3
749,0.07977,800.3
749.5,0.0781,799.4
750,0.15,799.4
750.5,0.15,799.4
751,0.1499,799.4
751.5,0.1499,799.4
752,0.1498,799.6
752.5,0.1498,799.3
753,0.1497,799.4
753.5,0.1497,799.4
754,0.1497,799.4
754.5,0.1496,799.3
755,0.1496,799.4
755.5,0.1495,799.3
756,0.1495,801.2
756.5,0.1495,799
757,0.1494,799.6
757.5,0.1494,799.5
758,0.1493,799.4
758.5,0.1493,800.2
759,0.1492,799.5
759.5,0.1492,799
760,0.1492,799.4
760.5,0.1491,799.4
761,0.1491,799.6
761.5,0.149,799.4
762,0.149,799.6
762.5,0.149,799.5
763,0.1489,799.4
763.5,0.1489,799.5
764,0.1488,799.5
764.5,0.1488,799.5
765,0.1487,799.5
765.5,0.1487,799.5
766,0.1487,799.4
766.5,0.1486,799.4
767,0.1486,799.4
767.5,0.1485,799.4
768,0.1485,799.4
768.5,0.1485,799.5
769,0.1484,799.5
769.5,0.1484,799.5
770,0.1483,799.6
770.5,0.1483,799.4
771,0.1482,799.3
771.5,0.1482,799.6
772,0.1482,799.4
772.5,0.1481,799.5
773,0.1481,799.5
773.5,0.148,799.4
774,0.148,799.5
774.5,0.148,799.6
775,0.1479,799.4
775.5,0.1479,799.5
776,0.1478,799.4
776.5,0.1478,799.4
777,0.1477,799.4
777.5,0.1477,799.4
778,0.1477,799.5
778.5,0.1476,799.4
779,0.1476,799.4
779.5,0.1475,799.4
780,0.1475,799.4
780.5,0.1475,799
781,0.1474,799.4
781.5,0.1474,801
782,0.1473,800.2
782.5,0.1473,799.5
783,0.1472,801.2
783.5,0.1472,799.4
784,0.1472,799.4
784.5,0.1471,799.4
785,0.1471,799.4
785.5,0.147,799.3
786,0.147,799.5
786.5,0.147,799.6
787,0.1469,799.4
787.5,0.1469,799.4
788,0.1468,799.4
788.5,0.1468,799.5
789,0.1467,799.6
789.5,0.1467,799.4
790,0.1467,799.5
790.5,0.1466,799.6
791,0.1466,799.5
791.5,0.1465,799.4
792,0.1465,799.5
792.5,0.1465,799.5
793,0.1464,799.5
793.5,0.1464,799
794,0.1463,799.4
794.5,0.1463,799.4
795,0.1462,799.4
795.5,0.1462,799.5
796,0.1462,799.3
796.5,0.1461,799.3
797,0.1461,799.6
797.5,0.146,799.4
798,0.146,799.3
798.5,0.146,799.4
799,0.1459,799.5
799.5,0.1459,799.5
800,0.1458,799.4
800.5,0.1458,799.5
801,0.1457,799.5
801.5,0.1457,799.5
802,0.1457,799.5
802.5,0.1456,799.6
803,0.1456,799.4
803.5,0.1455,799.6
804,0.1455,799.4
804.5,0.1455,799.6
805,0.1454,801.3
805.5,0.1454,799.4
806,0.1453,799.4
806.5,0.1453,799.5
807,0.1452,799.4
807.5,0.1452,799.5
808,0.1452,799.8
808.5,0.1451,799.5
809,0.1451,799.5
809.5,0.145,799.7
810,0.145,799.4
810.5,0.145,799.5
811,0.1449,799.4
811.5,0.1449,799.4
812,0.1448,799.6
812.5,0.1448,799.5
813,0.1447,799.4
813.5,0.1447,799.4
814,0.1447,799.5
814.5,0.1446,799.5
815,0.1446,799.5
815.5,0.1445,800.4
816,0.1445,799.5
816.5,0.1445,799.5
817,0.1444,799.5
817.5,0.1444,799.5
818,0.1443,799.5
818.5,0.1443,799.6
819,0.1442,799.3
819.5,0.1442,799.4
820,0.1442,799.5
820.5,0.1441,799.4
821,0.1441,799.4
821.5,0.144,799.4
822,0.144,799.4
822.5,0.144,799.5
823,0.1439,802.5
823.5,0.1439,799.6
824,0.1438,799.4
824.5,0.1438,799.2
825,0.1437,799.5
825.5,0.1437,799.4
826,0.1437,801.6
826.5,0.1436,799.7
827,0.1436,799.4
827.5,0.1435,799.4
828,0.1435,799.6
828.5,0.1435,799.4
829,0.1434,799
829.5,0.1434,799.5
830,0.1433,799.4
830.5,0.1433,799.5
831,0.1432,799.4
831.5,0.1432,799.3
832,0.1432,799.5
832.5,0.1431,799.5
833,0.1431,799.4
833.5,0.143,799.4
834,0.143,799.5
834.5,0.143,799.5
835,0.1429,799.4
835.5,0.1429,799.5
836,0.1428,799.4
836.5,0.1428,799.4
837,0.1427,799.2
837.5,0.1427,799.4
838,0.1427,799.5
838.5,0.1426,799.5
839,0.1426,799.5
839.5,0.1425,799.4
840,0.1425,799.5
840.5,0.1425,799.5
841,0.1424,799.4
841.5,0.1424,799.3
842,0.1423,799.4
842.5,0.1423,799.4
843,0.1422,799.3
843.5,0.1422,799.5
844,0.1422,799.4
844.5,0.1421,799.5
845,0.1421,799.3
845.5,0.142,799.4
846,0.142,799.3
846.5,0.142,799.4
847,0.1419,799.4
847.5,0.1419,799.4
848,0.1418,799.5
848.5,0.1418,799.5
849,0.1417,799
849.5,0.1417,799.6
850,0.1417,799.5
850.5,0.1416,799.5
851,0.1416,799.3
851.5,0.1415,799.5
852,0.1415,799.6
852.5,0.1415,799.4
853,0.1414,799.5
853.5,0.1414,799.5
854,0.1413,799.4
854.5,0.1413,799.4
855,0.1412,799.3
855.5,0.1412,799.4
856,0.1412,799.5
856.5,0.1411,799.6
857,0.1411,799.5
857.5,0.141,799.4
858,0.141,799.5
858.5,0.141,799.5
859,0.1409,799.5
859.5,0.1409,799.5
860,0.1408,799.4
860.5,0.1408,799.5
861,0.1407,799.5
861.5,0.1407,799.5
862,0.1407,799.5
862.5,0.1406,799.6
863,0.1406,799.5
863.5,0.1405,799.6
864,0.1405,799
864.5,0.1405,799.5
865,0.1404,799.6
865.5,0.1404,799.4
866,0.1403,799.4
866.5,0.1403,799.4
867,0.1403,799.5
867.5,0.1402,799.4
868,0.1402,800.9
868.5,0.1401,799.5
869,0.1401,799.5
869.5,0.14,799.4
870,0.14,799.5
870.5,0.14,799.4
871,0.1399,799.6
871.5,0.1399,799.5
872,0.1398,799.4
872.5,0.1398,799.4
873,0.1398,799.5
873.5,0.1397,799.5
874,0.1397,799.5
874.5,0.1396,799.6
875,0.1396,799.5
875.5,0.1395,799.5
876,0.1395,799.5
876.5,0.1395,799.5
877,0.1394,799.5
877.5,0.1394,799.5
878,0.1393,799.5
878.5,0.1393,799.4
879,0.1393,799.5
879.5,0.1392,799.5
880,0.1392,799.4
880.5,0.1391,799.4
881,0.1391,799.4
881.5,0.139,799.4
882,0.139,800.9
882.5,0.139,799.4
883,0.1389,799
883.5,0.1389,799.3
884,0.1388,799.4
884.5,0.1388,799.4
885,0.1388,801.9
885.5,0.1387,799.5
886,0.1387,799.4
886.5,0.1386,799.5
887,0.1386,799.6
887.5,0.1385,799.5
888,0.1385,799.5
888.5,0.1385,799.4
889,0.1384,799.6
889.5,0.1384,799.6
890,0.1383,799.5
890.5,0.1383,799.4
891,0.1383,799.4
891.5,0.1382,799.4
892,0.1382,799.5
892.5,0.1381,799.5
893,0.1381,799.4
893.5,0.138,799.4
894,0.138,799.4
894.5,0.138,799.4
895,0.1379,799.5
895.5,0.1379,799.6
896,0.1378,799.5
896.5,0.1378,799.4
897,0.1378,799.5
897.5,0.1377,799.4
898,0.1377,799.4
898.5,0.1376,799.5
899,0.1376,799.5
899.5,0.1375,799.4
900,0.1375,799.6
900.5,0.1375,799.5
901,0.1374,799.5
901.5,0.1374,799.5
902,0.1373,799.5
902.5,0.1373,799.4
903,0.1373,799.4
903.5,0.1372,799.5
904,0.1372,799.5
904.5,0.1371,799.5
905,0.1371,799.5
905.5,0.137,799.5
906,0.137,799.5
906.5,0.137,799.2
907,0.1369,799.6
907.5,0.1369,799.6
908,0.1368,799.4
908.5,0.1368,799.4
909,0.1368,799.5
909.5,0.1367,799.5
910,0.1367,799.4
910.5,0.1366,799.5
911,0.1366,799.3
911.5,0.1365,799.5
912,0.1365,799.5
912.5,0.1365,799.4
913,0.1364,799.3
913.5,0.1364,799.4
914,0.1363,799.5
914.5,0.1363,799.4
915,0.1363,799.6
915.5,0.1362,799.4
916,0.1362,799.5
916.5,0.1361,799.5
917,0.1361,799.5
917.5,0.136,799.5
918,0.136,799.5
918.5,0.136,799.4
919,0.1359,799.4
919.5,0.1359,799.4
920,0.1358,799.5
920.5,0.1358,799.4
921,0.1358,799.5
921.5,0.1357,799.4
922,0.1357,799.5
922.5,0.1356,799.5
923,0.1356,799.4
923.5,0.1355,799.5
924,0.1355,799.4
924.5,0.1355,799.5
925,0.1354,799.3
925.5,0.1354,799.4
926,0.1353,799.4
926.5,0.1353,799.3
927,0.1353,799.4
927.5,0.1352,799.5
928,0.1352,799.4
928.5,0.1351,799.4
929,0.1351,799.5
929.5,0.135,799.5
930,0.135,799.6
930.5,0.135,799.2
931,0.1349,799.5
931.5,0.1349,799.4
932,0.1348,799.4
932.5,0.1348,799.4
933,0.1348,799.6
933.5,0.1347,799.7
934,0.1347,799.5
934.5,0.1346,799.4
935,0.1346,799.4
935.5,0.1345,799.4
936,0.1345,799.6
936.5,0.1345,799.5
937,0.1344,799
937.5,0.1344,799.4
938,0.1343,799.5
938.5,0.1343,799.4
939,0.1343,799.5
939.5,0.1342,799.4
940,0.1342,799.5
940.5,0.1341,799.4
941,0.1341,799.4
941.5,0.134,799.6
942,0.134,799.4
942.5,0.134,799.5
943,0.1339,799.4
943.5,0.1339,799.4
944,0.1338,799.6
944.5,0.1338,799.4
945,0.1338,799
945.5,0.1337,799.3
946,0.1337,799.5
946.5,0.1336,799.3
947,0.1336,799.6
947.5,0.1335,799.4
948,0.1335,799.5
948.5,0.1335,799.5
949,0.1334,799.3
949.5,0.1334,799.4
950,0.1333,799.4
950.5,0.1333,799.5
951,0.1333,799.4
951.5,0.1332,799.4
952,0.1332,799.6
952.5,0.1331,799.5
953,0.1331,799.4
953.5,0.133,799.3
954,0.133,799.5
954.5,0.133,799.4
955,0.1329,799.4
955.5,0.1329,799
956,0.1328,799.5
956.5,0.1328,799.5
957,0.1328,799.6
957.5,0.1327,799.5
958,0.1327,799.5
958.5,0.1326,799.4
959,0.1326,799.5
959.5,0.1325,799.4
960,0.1325,799.3
960.5,0.1325,799.5
961,0.1324,799.4
961.5,0.1324,799.4
962,0.1323,799.6
962.5,0.1323,799.3
963,0.1323,799.3
963.5,0.1322,799
964,0.1322,799
964.5,0.1321,799.4
965,0.1321,799.4
965.5,0.132,799.4
966,0.132,799.5
966.5,0.132,799.7
967,0.1319,799.5
967.5,0.1319,799.3
968,0.1318,799.6
968.5,0.1318,799.6
969,0.1318,799.4
969.5,0.1317,799.5
970,0.1317,799.5
970.5,0.1316,799.4
971,0.1316,799.4
971.5,0.1315,799.4
972,0.1315,799.5
972.5,0.1315,799.5
973,0.1314,799.5
973.5,0.1314,799.4
974,0.1313,799
974.5,0.1313,799.5
975,0.1313,799.4
975.5,0.1312,799.4
976,0.1312,799.4
976.5,0.1311,799.5
977,0.1311,799.5
977.5,0.131,799.4
978,0.131,799.6
978.5,0.131,799
979,0.1309,799.3
979.5,0.1309,799.3
980,0.1308,799.3
980.5,0.1308,799.3
981,0.1308,799.5
981.5,0.1307,799.4
982,0.1307,799.2
982.5,0.1306,802.5
983,0.1306,799.5
983.5,0.1305,799.3
984,0.1305,799.2
984.5,0.1305,799.5
985,0.1304,799.5
985.5,0.1304,799.5
986,0.1303,799.6
986.5,0.1303,799.5
987,0.1303,799.5
987.5,0.1302,799.3
988,0.1302,799
988.5,0.1301,799.5
989,0.1301,799.4
989.5,0.13,799.5
990,0.13,799.5
990.5,0.13,799.4
991,0.1299,799.4
991.5,0.1299,799.4
992,0.1298,799.4
992.5,0.1298,799.6
993,0.1298,799.3
993.5,0.1297,799.6
994,0.1297,800
994.5,0.1296,799.5
995,0.1296,799.4
995.5,0.1295,799.5
996,0.1295,799.5
996.5,0.1295,799.5
997,0.1294,799.5
997.5,0.1294,799.4
998,0.1293,799.5
998.5,0.1293,799
999,0.1293,799.7
999.5,0.1292,799.5
1000,0.1292,799.7
1000,0.1291,799.3
1001,0.1291,799.4
1002,0.129,799.6
1002,0.129,799.5
1002,0.129,799.3
1003,0.1289,799.5
1004,0.1289,799.5
1004,0.1288,799.3
1004,0.1288,799.4
1005,0.1288,799.4
1006,0.1287,799.5
1006,0.1287,799.4
1006,0.1286,799.4
1007,0.1286,799.4
1008,0.1285,799.4
1008,0.1285,799.5
1008,0.1285,799.4
1009,0.1284,799.4
1010,0.1284,799
1010,0.1283,799.4
1010,0.1283,799.5
1011,0.1283,799.6
1012,0.1282,799.5
1012,0.1282,799.4
1012,0.1281,799.9
1013,0.1281,799.4
1014,0.128,799.5
1014,0.128,799.4
1014,0.128,799.4
1015,0.1279,799.4
1016,0.1279,799.6
1016,0.1278,799.5
1016,0.1278,799.4
1017,0.1278,799.5
1018,0.1277,799.4
1018,0.1277,799.5
1018,0.1276,799.4
1019,0.1276,799.5
1020,0.1275,799.4
1020,0.1275,799.4
1020,0.1275,799.4
1021,0.1274,799.5
1022,0.1274,799.5
1022,0.1273,799.7
1022,0.1273,799.4
1023,0.1273,799.5
1024,0.1272,799.6
1024,0.1272,799.5
1024,0.1271,799.4
1025,0.1271,799.5
1026,0.127,799.5
1026,0.127,799.5
1026,0.127,799.5
1027,0.1269,799.4
1028,0.1269,799.5
1028,0.1268,799.3
1028,0.1268,799.5
1029,0.1268,799.5
1030,0.1267,799.6
1030,0.1267,799.6
1030,0.1266,799.4
1031,0.1266,799.5
1032,0.1265,799.5
1032,0.1265,799.4
1032,0.1265,799.5
1033,0.1264,799.6
1034,0.1264,799.6
1034,0.1263,799.5
1034,0.1263,799.4
1035,0.1263,799.5
1036,0.1262,799.5
1036,0.1262,799.5
1036,0.1261,799.5
1037,0.1261,799.4
1038,0.126,799.5
1038,0.126,799.5
1038,0.126,799.5
1039,0.1259,799.4
1040,0.1259,799.6
1040,0.1258,799.4
1040,0.1258,799.5
1041,0.1258,799.5
1042,0.1257,799.4
1042,0.1257,799.5
1042,0.1256,799.7
1043,0.1256,799.4
1044,0.1255,799.5
1044,0.1255,799.5
1044,0.1255,799.5
1045,0.1254,800.9
1046,0.1254,799.4
1046,0.1253,799.5
1046,0.1253,799.5
1047,0.1253,799.4
1048,0.1252,799.4
1048,0.1252,799.5
1048,0.1251,799.5
1049,0.1251,799.5
1050,0.125,799.4
1050,0.125,799.5
1050,0.125,799.5
1051,0.1249,799.7
1052,0.1249,799.6
1052,0.1248,799.5
1052,0.1248,799.4
1053,0.1247,799.4
1054,0.1247,799.6
1054,0.1247,799.5
1054,0.1246,799.4
1055,0.1246,799.5
1056,0.1245,799.5
1056,0.1245,799.5
1056,0.1245,799.5
1057,0.1244,799.5
1058,0.1244,799.6
1058,0.1243,799.5
1058,0.1243,799.5
1059,0.1242,799.5
1060,0.1242,799.6
1060,0.1242,799
1060,0.1241,799.3
1061,0.1241,799.4
1062,0.124,799.4
1062,0.124,799.5
1062,0.124,799.5
1063,0.1239,799.4
1064,0.1239,799.4
1064,0.1238,799.5
1064,0.1238,799.4
1065,0.1237,799.5
1066,0.1237,799.6
1066,0.1237,799.5
1066,0.1236,799.4
1067,0.1236,799.4
1068,0.1235,799.4
1068,0.1235,799.5
1068,0.1235,799.3
1069,0.1234,799.5
1070,0.1234,799.4
1070,0.1233,799.4
1070,0.1233,799.5
1071,0.1232,799.5
1072,0.1232,799.4
1072,0.1232,799.4
1072,0.1231,799.4
1073,0.1231,799.6
1074,0.123,799.4
1074,0.123,799
1074,0.123,799.5
1075,0.1229,799.4
1076,0.1229,799.6
1076,0.1228,799.5
1076,0.1228,799.5
1077,0.1227,799.4
1078,0.1227,799.3
1078,0.1227,799.4
1078,0.1226,799.5
1079,0.1226,799.5
1080,0.1225,799.5
1080,0.1225,799.5
1080,0.1225,799.5
1081,0.1224,799.5
1082,0.1224,799.6
1082,0.1223,799.5
1082,0.1223,799.5
1083,0.1222,799.3
1084,0.1222,799.5
1084,0.1222,799.8
1084,0.1221,799.5
1085,0.1221,799.5
1086,0.122,799.5
1086,0.122,799.5
1086,0.122,799.5
1087,0.1219,799.5
1088,0.1219,799.5
1088,0.1218,799.5
1088,0.1218,799.4
1089,0.1217,799.5
1090,0.1217,799.4
1090,0.1217,799.5
1090,0.1216,799.4
1091,0.1216,799.4
1092,0.1215,799.5
1092,0.1215,799.4
1092,0.1215,799.5
1093,0.1214,799.5
1094,0.1214,799.4
1094,0.1213,799.4
1094,0.1213,800
1095,0.1212,799.4
1096,0.1212,799.5
1096,0.1212,799.5
1096,0.1211,799.7
1097,0.1211,799.5
1098,0.121,799.5
1098,0.121,800.1
1098,0.121,799.4
1099,0.1209,799.4
1100,0.1209,799.5
1100,0.1208,799.4
1100,0.1208,799.6
1101,0.1207,799.4
1102,0.1207,799.5
1102,0.1207,799.4
1102,0.1206,799.5
1103,0.1206,799.7
1104,0.1205,799.4
1104,0.1205,799.3
1104,0.1205,799.5
1105,0.1204,799.5
1106,0.1204,799.5
1106,0.1203,799.6
1106,0.1203,799.6
1107,0.1202,799.6
1108,0.1202,799.5
1108,0.1202,799.5
1108,0.1201,799.5
1109,0.1201,799.5
1110,0.12,799.5
1110,0.12,799.4
1110,0.12,799.4
1111,0.1199,799.4
1112,0.1199,799.6
1112,0.1198,799.4
1112,0.1198,799.5
1113,0.1197,799.3
1114,0.1197,799.6
1114,0.1197,799.4
1114,0.1196,799.3
1115,0.1196,799.3
1116,0.1195,799.6
1116,0.1195,799.5
1116,0.1195,799.6
1117,0.1194,799.5
1118,0.1194,799.5
1118,0.1193,799.5
1118,0.1193,799.5
1119,0.1192,799.4
1120,0.1192,799.4
1120,0.1192,799.5
1120,0.1191,799.5
1121,0.1191,803.2
1122,0.119,799.5
1122,0.119,799.3
1122,0.119,799.5
1123,0.1189,799.5
1124,0.1189,799.4
1124,0.1188,799.5
1124,0.1188,799.5
1125,0.1187,799.5
1126,0.1187,799.5
1126,0.1187,799.5
1126,0.1186,799.4
1127,0.1186,799.6
1128,0.1185,799.4
1128,0.1185,799.5
1128,0.1185,799.5
1129,0.1184,799.5
1130,0.1184,799.6
1130,0.1183,799.5
1130,0.1183,799.4
1131,0.1182,799.4
1132,0.1182,799.5
1132,0.1182,799.5
1132,0.1181,799.4
1133,0.1181,799.4
1134,0.118,799.6
1134,0.118,799.4
1134,0.118,799.3
1135,0.1179,799.5
1136,0.1179,799.4
1136,0.1178,799.5
1136,0.1178,799.4
1137,0.1177,799.5
1138,0.1177,799.5
1138,0.1177,799.4
1138,0.1176,799.5
1139,0.1176,799.5
1140,0.1175,799.4
1140,0.1175,799
1140,0.1175,799.5
1141,0.1174,799.4
1142,0.1174,799.6
1142,0.1173,799.5
1142,0.1173,799.5
1143,0.1172,799.5
1144,0.1172,799.5
1144,0.1172,802.6
1144,0.1171,799.4
1145,0.1171,799.4
1146,0.117,799.4
1146,0.117,799.5
1146,0.117,799.4
1147,0.1169,799.5
1148,0.1169,799.5
1148,0.1168,799.6
1148,0.1168,799.2
1149,0.1168,799.5
1150,0.1167,799.5
1150,0.1167,799.4
1150,0.1166,799.6
1151,0.1166,799.5
1152,0.1165,799.4
1152,0.1165,799.4
1152,0.1165,799.4
1153,0.1164,799.4
1154,0.1164,799.5
1154,0.1163,799.5
1154,0.1163,799.4
1155,0.1163,799.4
1156,0.1162,799.4
1156,0.1162,799.4
1156,0.1161,799.4
1157,0.1161,799.4
1158,0.116,799.4
1158,0.116,799.5
1158,0.116,800.6
1159,0.1159,799.5
1160,0.1159,800.1
1160,0.1158,799.6
1160,0.1158,799.3
1161,0.1158,799.4
1162,0.1157,801.8
1162,0.1157,799.4
1162,0.1156,799.5
1163,0.1156,799.4
1164,0.1155,799.5
1164,0.1155,799.4
1164,0.1155,799.4
1165,0.1154,799.6
1166,0.1154,799.4
1166,0.1153,799.6
1166,0.1153,799.3
1167,0.1153,799.4
1168,0.1152,799.4
1168,0.1152,799.5
1168,0.1151,799.4
1169,0.1151,799.3
1170,0.115,799.5
1170,0.115,799.4
1170,0.115,799.5
1171,0.1149,799.4
1172,0.1149,799.4
1172,0.1148,799.4
1172,0.1148,799.7
1173,0.1148,799.4
1174,0.1147,799.4
1174,0.1147,799.5
1174,0.1146,799.5
1175,0.1146,799.4
1176,0.1145,799.4
1176,0.1145,799.4
1176,0.1145,799.4
1177,0.1144,799.6
1178,0.1144,799.5
1178,0.1143,799.5
1178,0.1143,799.5
1179,0.1143,799.5
1180,0.1142,799.5
1180,0.1142,799.5
1180,0.1141,799.6
1181,0.1141,799.6
1182,0.114,799.5
1182,0.114,799.4
1182,0.114,799.6
1183,0.1139,799.5
1184,0.1139,799.5
1184,0.1138,799.5
1184,0.1138,799.5
1185,0.1138,799.4
1186,0.1137,799.3
1186,0.1137,799.4
1186,0.1136,799.4
1187,0.1136,799.4
1188,0.1135,799.5
1188,0.1135,799.4
1188,0.1135,799.5
1189,0.1134,799.2
1190,0.1134,799.5
1190,0.1133,799.5
1190,0.1133,799.6
1191,0.1133,799.4
1192,0.1132,799.4
1192,0.1132,799.5
1192,0.1131,799.8
1193,0.1131,799.5
1194,0.113,799.5
1194,0.113,799.5
1194,0.113,799.5
1195,0.1129,799.6
1196,0.1129,799.4
1196,0.1128,801.1
1196,0.1128,799.4
1197,0.1128,799.6
1198,0.1127,799.5
1198,0.1127,799.4
1198,0.1126,799.4
1199,0.1126,799.4
1200,0.1125,799.5
1200,0.1125,799.4
1200,0.1125,799.5
1201,0.1124,799.4
1202,0.1124,799.6
1202,0.1123,799.5
1202,0.1123,799.5
1203,0.1123,799.4
1204,0.1122,799.3
1204,0.1122,799.4
1204,0.1121,799.4
1205,0.1121,799.5
1206,0.112,799.5
1206,0.112,799.4
1206,0.112,799.5
1207,0.1119,799.6
1208,0.1119,799.5
1208,0.1118,799.4
1208,0.1118,799.6
1209,0.1118,799.6
1210,0.1117,799.3
1210,0.1117,799.5
1210,0.1116,799.3
1211,0.1116,799.3
1212,0.1115,799.4
1212,0.1115,799.4
1212,0.1115,799.3
1213,0.1114,799.4
1214,0.1114,799.4
1214,0.1113,799.6
1214,0.1113,799.4
1215,0.1113,799.7
1216,0.1112,799.5
1216,0.1112,799.7
1216,0.1111,800.8
1217,0.1111,799.4
1218,0.111,799.5
1218,0.111,799.5
1218,0.111,799.4
1219,0.1109,799.6
1220,0.1109,799.6
1220,0.1108,799.6
1220,0.1108,799.6
1221,0.1108,799.4
1222,0.1107,799.6
1222,0.1107,799.5
1222,0.1106,799.4
1223,0.1106,799.5
1224,0.1105,799.4
1224,0.1105,799.5
1224,0.1105,799.4
1225,0.1104,799.4
1226,0.1104,799.6
1226,0.1103,799.5
1226,0.1103,799.5
1227,0.1103,799.3
1228,0.1102,799.4
1228,0.1102,799.5
1228,0.1101,799.4
1229,0.1101,799.4
1230,0.11,799.5
1230,0.11,799.6
1230,0.11,799.5
1231,0.1099,799.6
1232,0.1099,799.4
1232,0.1098,799.5
1232,0.1098,799.3
1233,0.1098,799.4
1234,0.1097,799.5
1234,0.1097,799.4
1234,0.1096,799.5
1235,0.1096,799.4
1236,0.1095,799.5
1236,0.1095,799.4
1236,0.1095,799.5
1237,0.1094,799.5
1238,0.1094,799.5
1238,0.1093,799.4
1238,0.1093,799.6
1239,0.1092,799.5
1240,0.1092,799.5
1240,0.1092,799.5
1240,0.1091,799.5
1241,0.1091,799.4
1242,0.109,799.5
1242,0.109,799.6
1242,0.109,799.5
1243,0.1089,799.4
1244,0.1089,799.4
1244,0.1088,799.1
1244,0.1088,799.4
1245,0.1087,799.5
1246,0.1087,801.4
1246,0.1087,799.5
1246,0.1086,799.6
1247,0.1086,799.4
1248,0.1085,799.4
1248,0.1085,799.5
1248,0.1085,799.4
1249,0.1084,799.5
1250,0.1084,799.5
1250,0.1083,799.4
1250,0.1083,799.5
1251,0.1082,799
1252,0.1082,799.4
1252,0.1082,799.3
1252,0.1081,800.3
1253,0.1081,799.5
1254,0.108,799.8
1254,0.108,799.4
1254,0.108,799.5
1255,0.1079,799.4
1256,0.1079,799.6
1256,0.1078,799.3
1256,0.1078,799.6
1257,0.1077,799.5
1258,0.1077,799.9
1258,0.1077,799.4
1258,0.1076,799.5
1259,0.1076,799.5
1260,0.1075,799.5
1260,0.1075,799.3
1260,0.1075,799.6
1261,0.1074,799.4
1262,0.1074,799.5
1262,0.1073,799.4
1262,0.1073,799.5
1263,0.1072,799.4
1264,0.1072,799.5
1264,0.1072,799.6
1264,0.1071,799.5
1265,0.1071,799.4
1266,0.107,799.8
1266,0.107,799.3
1266,0.107,799.4
1267,0.1069,799.5
1268,0.1069,799.5
1268,0.1068,799.5
1268,0.1068,799.5
1269,0.1067,799.4
1270,0.1067,799.5
1270,0.1067,799.4
1270,0.1066,799.4
1271,0.1066,799.5
1272,0.1065,799.4
1272,0.1065,799.6
1272,0.1065,799.5
1273,0.1064,799.4
1274,0.1064,799.5
1274,0.1063,799.5
1274,0.1063,799.4
1275,0.1062,799.5
1276,0.1062,799.4
1276,0.1062,799.6
1276,0.1061,799.6
1277,0.1061,799.4
1278,0.106,799.5
1278,0.106,799.5
1278,0.106,799.4
1279,0.1059,799.5
1280,0.1059,799.3
1280,0.1058,799.4
1280,0.1058,799.5
1281,0.1057,799.5
1282,0.1057,799.4
1282,0.1057,799.5
1282,0.1056,799.5
1283,0.1056,799.6
1284,0.1055,799.4
1284,0.1055,799.4
1284,0.1055,799.5
1285,0.1054,799.4
1286,0.1054,799.5
1286,0.1053,799.3
1286,0.1053,799.5
1287,0.1052,799.4
1288,0.1052,799.4
1288,0.1052,799.4
1288,0.1051,799.3
1289,0.1051,800.7
1290,0.105,799.4
1290,0.105,799.4
1290,0.105,799.6
1291,0.1049,799.4
1292,0.1049,799.4
1292,0.1048,799.4
1292,0.1048,799.5
1293,0.1047,799
1294,0.1047,799.4
1294,0.1047,799.5
1294,0.1046,799.5
1295,0.1046,799.6
1296,0.1045,799.4
1296,0.1045,799.6
1296,0.1045,799.6
1297,0.1044,799.5
1298,0.1044,799.6
1298,0.1043,799.4
1298,0.1043,799
1299,0.1042,799.4
1300,0.1042,799.6
1300,0.1042,799
1300,0.1041,799.6
1301,0.1041,799.5
1302,0.104,799.5
1302,0.104,799.5
1302,0.104,799.4
1303,0.1039,799.4
1304,0.1039,799.8
1304,0.1038,799
1304,0.1038,799.4
1305,0.1037,799.5
1306,0.1037,799.4
1306,0.1037,799.4
1306,0.1036,799.4
1307,0.1036,799.4
1308,0.1035,799.5
1308,0.1035,799.5
1308,0.1035,799.6
1309,0.1034,799.4
1310,0.1034,799.4
1310,0.1033,799.5
1310,0.1033,799.5
1311,0.1032,799.4
1312,0.1032,799.5
1312,0.1032,799.3
1312,0.1031,799.5
1313,0.1031,799.5
1314,0.103,799.6
1314,0.103,799.5
1314,0.103,799.5
1315,0.1029,799.5
1316,0.1029,799.6
1316,0.1028,799.1
1316,0.1028,799.6
1317,0.1027,799.6
1318,0.1027,799.5
1318,0.1027,799.5
1318,0.1026,799.5
1319,0.1026,799.5
1320,0.1025,799.7
1320,0.1025,799.5
1320,0.1025,799.5
1321,0.1024,799.5
1322,0.1024,799.4
1322,0.1023,799.4
1322,0.1023,799.2
1323,0.1022,799.4
1324,0.1022,799.4
1324,0.1022,799.5
1324,0.1021,799
1325,0.1021,799.5
1326,0.102,799.3
1326,0.102,799.3
1326,0.102,799.5
1327,0.1019,799.4
1328,0.1019,799.4
1328,0.1018,799.5
1328,0.1018,799.4
1329,0.1017,799.5
1330,0.1017,799.5
1330,0.1017,799.3
1330,0.1016,799.8
1331,0.1016,799.5
1332,0.1015,799.4
1332,0.1015,799.4
1332,0.1015,799.5
1333,0.1014,799.4
1334,0.1014,799.5
1334,0.1013,799.4
1334,0.1013,800.2
1335,0.1013,799.4
1336,0.1012,799.5
1336,0.1012,799.5
1336,0.1011,799.4
1337,0.1011,799.4
1338,0.101,799.5
1338,0.101,800.1
1338,0.101,799.4
1339,0.1009,799.5
1340,0.1009,799.4
1340,0.1008,799.5
1340,0.1008,799.4
1341,0.1008,799.5
1342,0.1007,799.5
1342,0.1007,799.5
1342,0.1006,799.5
1343,0.1006,799.4
1344,0.1005,799.4
1344,0.1005,799.5
1344,0.1005,799.4
1345,0.1004,799.5
1346,0.1004,799.5
1346,0.1003,799.4
1346,0.1003,799.5
1347,0.1003,799.6
1348,0.1002,799.4
1348,0.1002,799.5
1348,0.1001,799.6
1349,0.1001,799.4
1350,0.1,799.4
1350,0.1,799.5
1350,0.1,799.3
1351,0.1,799.5
1352,0.1,799.4
1352,0.1,799.6
1352,0.1,799.4
1353,0.1,799.6
1354,0.1,799.5
1354,0.1,799.5
1354,0.1,799.4
1355,0.1,799.3
1356,0.1,800.9
1356,0.1,800
1356,0.1,799.6
1357,0.1,799.4
1358,0.1,799.5
1358,0.1,799.6
1358,0.1,799.5
1359,0.1,799.6
1360,0.1,799.5
1360,0.1,799.5
1360,0.1,799.3
1361,0.1,799.1
1362,0.1,799
1362,0.1,800.1
1362,0.1,799
1363,0.1,799.4
1364,0.1,799.7
1364,0.1,799.4
1364,0.1,799.4
1365,0.1,799.4
1366,0.1,799.5
1366,0.1,799.2
1366,0.1,799.5
1367,0.1,799.4
1368,0.1,799.3
1368,0.1,799.6
1368,0.1,799.5
1369,0.1,799
1370,0.1,799.5
1370,0.1,799.6
1370,0.1,799.5
1371,0.1,799.4
1372,0.1,799.5
1372,0.1,799.4
1372,0.1,799.4
1373,0.1,799.5
1374,0.1,799.3
1374,0.1,799.4
1374,0.1,799.5
1375,0.1,799.4
1376,0.1,799.5
1376,0.1,799.5
1376,0.1,799.4
1377,0.1,799.4
1378,0.1,799.5
1378,0.1,799.5
1378,0.1,799.5
1379,0.1,799.5
1380,0.1,799.5
1380,0.1,799.5
1380,0.1,799.5
1381,0.1,799.5
1382,0.1,799.4
1382,0.1,799.4
1382,0.1,799.4
1383,0.1,799.5
1384,0.1,799.5
1384,0.1,799.6
1384,0.1,799.5
1385,0.1,799.5
1386,0.1,799.5
1386,0.1,799.4
1386,0.1,799.5
1387,0.1,799.3
1388,0.1,799.4
1388,0.1,799.5
1388,0.1,799.5
1389,0.1,799.5
1390,0.1,799.4
1390,0.1,799.5
1390,0.1,799.4
1391,0.1,799.4
1392,0.1,799.5
1392,0.1,799.4
1392,0.1,799.5
1393,0.1,799.4
1394,0.1,799.4
1394,0.1,799.4
1394,0.1,799.4
1395,0.1,799.5
1396,0.1,799.4
1396,0.1,800.2
1396,0.1,799.5
1397,0.1,799.5
1398,0.1,799.6
1398,0.1,799.4
1398,0.1,799.5
1399,0.1,799.4
1400,0.1,799.5
1400,0.1,799
1400,0.1,799.4
1401,0.1,799.5
1402,0.1,799.6
1402,0.1,799.5
1402,0.1,799.4
1403,0.1,799.4
1404,0.1,799.4
1404,0.1,799.5
1404,0.1,799.4
1405,0.1,799.5
1406,0.1,799.4
1406,0.1,799.5
1406,0.1,799.4
1407,0.1,799.5
1408,0.1,799.4
1408,0.1,799.5
1408,0.1,799.4
1409,0.1,799.7
1410,0.1,799.4
1410,0.1,799.4
1410,0.1,799.4
1411,0.1,799.6
1412,0.1,799.4
1412,0.1,799.6
1412,0.1,799.5
1413,0.1,799.5
1414,0.1,799.8
1414,0.1,799.4
1414,0.1,799.4
1415,0.1,799.4
1416,0.1,799.6
1416,0.1,799.5
1416,0.1,799.4
1417,0.1,799.4
1418,0.1,799.4
1418,0.1,799.4
1418,0.1,799.4
1419,0.1,799.7
1420,0.1,799.4
1420,0.1,799.5
1420,0.1,799.4
1421,0.1,799.4
1422,0.1,799.7
1422,0.1,799.5
1422,0.1,799.3
1423,0.1,799.5
1424,0.1,799.4
1424,0.1,799.4
1424,0.1,799.5
1425,0.1,799.2
1426,0.1,799.7
1426,0.1,800.8
1426,0.1,799.4
1427,0.1,799.4
1428,0.1,799
1428,0.1,799.4
1428,0.1,799.5
1429,0.1,799.6
1430,0.1,799.4
1430,0.1,799.8
1430,0.1,799.5
1431,0.1,799.5
1432,0.1,799.4
1432,0.1,799.8
1432,0.1,799.4
1433,0.1,799.4
1434,0.1,799.7
1434,0.1,799.4
1434,0.1,799.4
1435,0.1,799.4
1436,0.1,799.4
1436,0.1,799.5
1436,0.1,799.4
1437,0.1,799.4
1438,0.1,799.6
1438,0.1,799.4
1438,0.1,799.4
1439,0.1,799.4
1440,0.1,799.4
1440,0.1,799.5
1440,0.1,799.5
1441,0.1,799.4
1442,0.1,799.4
1442,0.1,799.5
1442,0.1,799.4
1443,0.1,799.4
1444,0.1,799.4
1444,0.1,799.4
1444,0.1,799.4
1445,0.1,799.5
1446,0.1,799.4
1446,0.1,799.6
1446,0.1,799.6
1447,0.1,799.5
1448,0.1,799.4
1448,0.1,799.5
1448,0.1,799.5
1449,0.1,799.5
1450,0.1,799.6
1450,0.1,799.5
1450,0.1,799.4
1451,0.1,799.6
1452,0.1,799.5
1452,0.1,799
1452,0.1,799.4
1453,0.1,799.5
1454,0.1,799.6
1454,0.1,799.5
1454,0.1,799.5
1455,0.1,799.5
1456,0.1,799.4
1456,0.1,799.5
1456,0.1,799.7
1457,0.1,799.5
1458,0.1,799.5
1458,0.1,799.6
1458,0.1,799.5
1459,0.1,799
1460,0.1,799.4
1460,0.1,799.4
1460,0.1,799.4
1461,0.1,799.3
1462,0.1,799.5
1462,0.1,799.7
1462,0.1,799.4
1463,0.1,799.6
1464,0.1,799.5
1464,0.1,799.5
1464,0.1,799.4
1465,0.1,799.4
1466,0.1,799.4
1466,0.1,799.6
1466,0.1,802.6
1467,0.1,799.5
1468,0.1,799.5
1468,0.1,799.5
1468,0.1,799.4
1469,0.1,799.4
1470,0.1,799.4
1470,0.1,799.6
1470,0.1,799.5
1471,0.1,800
1472,0.1,799.3
1472,0.1,799.5
1472,0.1,799.4
1473,0.1,799.5
1474,0.1,799.4
1474,0.1,799.4
1474,0.1,799.5
1475,0.1,799.6
1476,0.1,799.1
1476,0.1,799.5
1476,0.1,799.6
1477,0.1,799.4
1478,0.1,799.4
1478,0.1,799.4
1478,0.1,799.6
1479,0.1,799.4
1480,0.1,799.4
1480,0.1,799.6
1480,0.1,799.5
1481,0.1,799.4
1482,0.1,799.5
1482,0.1,799.4
1482,0.1,799.4
1483,0.1,799.2
1484,0.1,799.4
1484,0.1,799.5
1484,0.1,799.5
1485,0.1,799.5
1486,0.1,799
1486,0.1,799.4
1486,0.1,799.5
1487,0.1,799.5
1488,0.1,799.5
1488,0.1,799
1488,0.1,799
1489,0.1,799.6
1490,0.1,799.4
1490,0.1,799.5
1490,0.1,799.5
1491,0.1,799.3
1492,0.1,799.4
1492,0.1,799.4
1492,0.1,799.5
1493,0.1,799.6
1494,0.1,799.5
1494,0.1,799.4
1494,0.1,799.4
1495,0.1,799
1496,0.1,799.4
1496,0.1,799.6
1496,0.1,799.4
1497,0.1,799.5
1498,0.1,799.5
1498,0.1,799.5
1498,0.1,799.4
1499,0.1,799.5
1500,0.1,799
1500,0.1,799.7
1500,0.1,799.8
1501,0.1,799.6
1502,0.1,800.1
1502,0.1,799.5
1502,0.1,799.4
1503,0.1,799.4
1504,0.1,799.4
1504,0.1,799.5
1504,0.1,799.5
1505,0.1,799.5
1506,0.1,799.5
1506,0.1,799.6
1506,0.1,799.5
1507,0.1,799.3
1508,0.1,799.4
1508,0.1,799.4
1508,0.1,799.6
1509,0.1,799.5
1510,0.1,799.5
1510,0.1,799
1510,0.1,799.6
1511,0.1,799.4
1512,0.1,799.4
1512,0.1,799.5
1512,0.1,799.4
1513,0.1,799.4
1514,0.1,799.3
1514,0.1,799.3
1514,0.1,799.5
1515,0.1,799.5
1516,0.1,799.6
1516,0.1,799.6
1516,0.1,799.6
1517,0.1,799.2
1518,0.1,799.5
1518,0.1,799.4
1518,0.1,799.4
1519,0.1,799.5
1520,0.1,799.4
1520,0.1,799.6
1520,0.1,799.3
1521,0.1,799.5
1522,0.1,799.4
1522,0.1,799.4
1522,0.1,799.4
1523,0.1,799.4
1524,0.1,799.4
1524,0.1,799.4
1524,0.1,802.3
1525,0.1,799.4
1526,0.1,799.4
1526,0.1,799.6
1526,0.1,799.5
1527,0.1,799.5
1528,0.1,799.3
1528,0.1,799.6
1528,0.1,799.9
1529,0.1,799.5
1530,0.1,799.6
1530,0.1,799.4
1530,0.1,799.3
1531,0.1,799.5
1532,0.1,799.3
1532,0.1,799.3
1532,0.1,799.4
1533,0.1,799.5
1534,0.1,799.5
1534,0.1,799.4
1534,0.1,799.3
1535,0.1,799.7
1536,0.1,799.5
1536,0.1,799.4
1536,0.1,799.5
1537,0.1,799.5
1538,0.1,799.5
1538,0.1,799.5
1538,0.1,799.4
1539,0.1,799.4
1540,0.1,799.5
1540,0.1,799.4
1540,0.1,799.5
1541,0.1,799.2
1542,0.1,799.4
1542,0.1,799.5
1542,0.1,799.4
1543,0.1,799.6
1544,0.1,799.4
1544,0.1,799.4
1544,0.1,799.4
1545,0.1,799.7
1546,0.1,799.4
1546,0.1,799.4
1546,0.1,799.5
1547,0.1,799
1548,0.1,799.2
1548,0.1,799.5
1548,0.1,799.5
1549,0.1,799.5
1550,0.1,799.4
1550,0.1,799
1550,0.1,799.5
1551,0.1,799.5
1552,0.1,799
1552,0.1,799.6
1552,0.1,799.4
1553,0.1,799.4
1554,0.1,799.5
1554,0.1,799.4
1554,0.1,799.6
1555,0.1,799.4
1556,0.1,799.5
1556,0.1,799.4
1556,0.1,799.4
1557,0.1,799.6
1558,0.1,799.4
1558,0.1,799.3
1558,0.1,799.4
1559,0.1,799.4
1560,0.1,799.5
1560,0.1,799.4
1560,0.1,799.4
1561,0.1,799.3
1562,0.1,799.4
1562,0.1,799.5
1562,0.1,799.3
1563,0.1,799.6
1564,0.1,799.5
1564,0.1,799.5
1564,0.1,799.4
1565,0.1,799.5
1566,0.1,799.5
1566,0.1,799.5
1566,0.1,799.5
1567,0.1,799.5
1568,0.1,799.5
1568,0.1,799.7
1568,0.1,799.5
1569,0.1,799.4
1570,0.1,799.4
1570,0.1,799.7
1570,0.1,799.4
1571,0.1,799
1572,0.1,799
1572,0.1,799.3
1572,0.1,799.4
1573,0.1,799.5
1574,0.1,799.3
1574,0.1,799.5
1574,0.1,799.5
1575,0.1,799.3
1576,0.1,799.6
1576,0.1,800.3
1576,0.1,799.4
1577,0.1,799.4
1578,0.1,800.2
1578,0.1,799.5
1578,0.1,799.5
1579,0.1,799.6
1580,0.1,799.5
1580,0.1,799.6
1580,0.1,799.4
1581,0.1,799.5
1582,0.1,799.5
1582,0.1,799.5
1582,0.1,799.4
1583,0.1,799.5
1584,0.1,799.4
1584,0.1,799.4
1584,0.1,799.4
1585,0.1,799.6
1586,0.1,799.5
1586,0.1,799.4
1586,0.1,799.5
1587,0.1,799.4
1588,0.1,799.4
1588,0.1,799.5
1588,0.1,799.7
1589,0.1,799.5
1590,0.1,799.4
1590,0.1,799.5
1590,0.1,799.4
1591,0.1,799.5
1592,0.1,799.5
1592,0.1,799.5
1592,0.1,799.4
1593,0.1,799.4
1594,0.1,799.4
1594,0.1,799.5
1594,0.1,799.7
1595,0.1,799.5
1596,0.1,799.5
1596,0.1,799.4
1596,0.1,799.3
1597,0.1,799.4
1598,0.1,799.7
1598,0.1,799.5
1598,0.1,799.6
1599,0.1,799.5
1600,0.1,799.4
1600,0.1,799.4
1600,0.1,799.4
1601,0.1,799.4
1602,0.1,799.6
1602,0.1,799.3
1602,0.1,799.5
1603,0.1,799.5
1604,0.1,799.6
1604,0.1,800.6
1604,0.1,799.5
1605,0.1,799.4
1606,0.1,799.4
1606,0.1,799.7
1606,0.1,799.6
1607,0.1,799.5
1608,0.1,799
1608,0.1,799.4
1608,0.1,799.5
1609,0.1,799.5
1610,0.1,799.4
1610,0.1,799.5
1610,0.1,799.5
1611,0.1,799.6
1612,0.1,799.5
1612,0.1,799.6
1612,0.1,799.5
1613,0.1,799.4
1614,0.1,799.3
1614,0.1,799.6
1614,0.1,799.1
1615,0.1,799.2
1616,0.1,799.5
1616,0.1,799.4
1616,0.1,799.5
1617,0.1,799.4
1618,0.1,799.4
1618,0.1,799.5
1618,0.1,799.4
1619,0.1,799.4
1620,0.1,799.5
1620,0.1,799.4
1620,0.1,799.5
1621,0.1,799.8
1622,0.1,799.4
1622,0.1,799.5
1622,0.1,799.6
1623,0.1,799.5
1624,0.1,799.5
1624,0.1,799.5
1624,0.1,799.5
1625,0.1,799.5
1626,0.1,799.4
1626,0.1,799.5
1626,0.1,799.4
1627,0.1,799.4
1628,0.1,799.5
1628,0.1,799.4
1628,0.1,799.5
1629,0.1,799.5
1630,0.1,800.3
1630,0.1,799.5
1630,0.1,799.5
1631,0.1,799.5
1632,0.1,799.4
1632,0.1,799.4
1632,0.1,799.4
1633,0.1,799.4
1634,0.1,799.5
1634,0.1,799
1634,0.1,799.5
1635,0.1,799.4
1636,0.1,799.5
1636,0.1,799.4
1636,0.1,799.4
1637,0.1,799.7
1638,0.1,799.4
1638,0.1,799.3
1638,0.1,799.3
1639,0.1,799.5
1640,0.1,799.4
1640,0.1,799.5
1640,0.1,799.6
1641,0.1,799.5
1642,0.1,799.4
1642,0.1,799.4
1642,0.1,799.5
1643,0.1,799.5
1644,0.1,799.6
1644,0.1,799.5
1644,0.1,799.4
1645,0.1,799.5
1646,0.1,799.5
1646,0.1,799.4
1646,0.1,799.4
1647,0.1,799.7
1648,0.1,799.5
1648,0.1,799.3
1648,0.1,799.5
1649,0.1,799.4
1650,0.1,799.4
1650,0.1,799.4
1650,0.1,799.4
1651,0.1,799.7
1652,0.1,799.5
1652,0.1,799.5
1652,0.1,799
1653,0.1,799.5
1654,0.1,799.5
1654,0.1,799.7
1654,0.1,799.3
1655,0.1,799.5
1656,0.1,799.7
1656,0.1,799.5
1656,0.1,799.7
1657,0.1,799.5
1658,0.1,799.4
1658,0.1,799.5
1658,0.1,799.4
1659,0.1,799.6
1660,0.1,799.4
1660,0.1,799.6
1660,0.1,799.4
1661,0.1,799.5
1662,0.1,799.6
1662,0.1,799.5
1662,0.1,799.5
1663,0.1,799.6
1664,0.1,800.4
1664,0.1,799.7
1664,0.1,799.6
1665,0.1,799.4
1666,0.1,799.6
1666,0.1,799.5
1666,0.1,799.4
1667,0.1,799.3
1668,0.1,799.4
1668,0.1,799.4
1668,0.1,799.4
1669,0.1,799.5
1670,0.1,799.5
1670,0.1,799.3
1670,0.1,799.5
1671,0.1,799.5
1672,0.1,799.5
1672,0.1,799.7
1672,0.1,799.4
1673,0.1,799.4
1674,0.1,799.5
1674,0.1,799.7
1674,0.1,799.5
1675,0.1,799.5
1676,0.1,799.5
1676,0.1,799.3
1676,0.1,799.4
1677,0.1,799.5
1678,0.1,799.7
1678,0.1,799.3
1678,0.1,799.5
1679,0.1,799.6
1680,0.1,799.4
1680,0.1,799.6
1680,0.1,799.6
1681,0.1,799.5
1682,0.1,799.6
1682,0.1,799.4
1682,0.1,799.5
1683,0.1,799.5
1684,0.1,799.6
1684,0.1,799.5
1684,0.1,799.4
1685,0.1,799.4
1686,0.1,799.5
1686,0.1,799.5
1686,0.1,799.5
1687,0.1,799.4
1688,0.1,799.3
1688,0.1,799.7
1688,0.1,799.5
1689,0.1,799.5
1690,0.1,799.5
1690,0.1,799.5
1690,0.1,799.4
1691,0.1,799.7
1692,0.1,801
1692,0.1,799.7
1692,0.1,799.5
1693,0.1,799.6
1694,0.1,799.7
1694,0.1,799.3
1694,0.1,799.3
1695,0.1,799.5
1696,0.1,799.5
1696,0.1,799.6
1696,0.1,799.4
1697,0.1,799
1698,0.1,799.4
1698,0.1,799.5
1698,0.1,800.6
1699,0.1,799.6
1700,0.1,799.7
1700,0.1,799.5
1700,0.1,799.6
1701,0.1,799.4
1702,0.1,799.5
1702,0.1,799
1702,0.1,799.5
1703,0.1,801.5
1704,0.1,799.4
1704,0.1,799.6
1704,0.1,799.5
1705,0.1,799.4
1706,0.1,799.4
1706,0.1,799.3
1706,0.1,799.4
1707,0.1,799.7
1708,0.1,799.5
1708,0.1,799.4
1708,0.1,799.6
1709,0.1,799.3
1710,0.1,799.4
1710,0.1,799.7
1710,0.1,799.6
1711,0.1,799.6
1712,0.1,799.4
1712,0.1,799.4
1712,0.1,799.4
1713,0.1,799.3
1714,0.1,799.6
1714,0.1,799.6
1714,0.1,799.4
1715,0.1,799.5
1716,0.1,799.4
1716,0.1,799.4
1716,0.1,799.4
1717,0.1,799.5
1718,0.1,799.6
1718,0.1,799.5
1718,0.1,799.4
1719,0.1,799.4
1720,0.1,799.3
1720,0.1,799.6
1720,0.1,799.7
1721,0.1,799.3
1722,0.1,799.5
1722,0.1,799.4
1722,0.1,799.5
1723,0.1,799.6
1724,0.1,799.4
1724,0.1,799.5
1724,0.1,799.2
1725,0.1,799.4
1726,0.1,799.5
1726,0.1,799.4
1726,0.1,799.4
1727,0.1,799.5
1728,0.1,799.4
1728,0.1,799.4
1728,0.1,799.6
1729,0.1,799.4
1730,0.1,799.5
1730,0.1,799.4
1730,0.1,799.5
1731,0.1,799.4
1732,0.1,799.5
1732,0.1,799.4
1732,0.1,799.5
1733,0.1,799.4
1734,0.1,799.6
1734,0.1,799.5
1734,0.1,799.4
1735,0.1,799.5
1736,0.1,799.4
1736,0.1,799.5
1736,0.1,799.5
1737,0.1,799.4
1738,0.1,799.4
1738,0.1,799.4
1738,0.1,799.4
1739,0.1,800
1740,0.1,801
1740,0.1,799.5
1740,0.1,799.4
1741,0.1,799.5
1742,0.1,799.4
1742,0.1,799.6
1742,0.1,799.5
1743,0.1,799.5
1744,0.1,799.4
1744,0.1,799.5
1744,0.1,799.6
1745,0.1,799.4
1746,0.1,799.6
1746,0.1,799.5
1746,0.1,799.4
1747,0.1,799.5
1748,0.1,799.7
1748,0.1,799.6
1748,0.1,799.4
1749,0.1,799.6
1750,0.1,799.7
1750,0.1,799.5
1750,0.1,799.6
1751,0.1,799.4
1752,0.1,799.6
1752,0.1,799.4
1752,0.1,799.4
1753,0.1,799.5
1754,0.1,799.7
1754,0.1,799.6
1754,0.1,799.4
1755,0.1,799.4
1756,0.1,799.4
1756,0.1,799.5
1756,0.1,799.5
1757,0.1,799.6
1758,0.1,799.4
1758,0.1,799.5
1758,0.1,799.4
1759,0.1,799.5
1760,0.1,799.4
1760,0.1,799.4
1760,0.1,799.6
1761,0.1,799.2
1762,0.1,799
1762,0.1,799.5
1762,0.1,799.5
1763,0.1,799.2
1764,0.1,799.4
1764,0.1,799.5
1764,0.1,799.5
1765,0.1,799.5
1766,0.1,799.5
1766,0.1,799.4
1766,0.1,799.3
1767,0.1,799.5
1768,0.1,799.5
1768,0.1,799.5
1768,0.1,799.6
1769,0.1,799.4
1770,0.1,799.5
1770,0.1,802
1770,0.1,799.4
1771,0.1,799.4
1772,0.1,799.4
1772,0.1,799.5
1772,0.1,799.5
1773,0.1,799.4
1774,0.1,799.4
1774,0.1,799.6
1774,0.1,799.6
1775,0.1,799.5
1776,0.1,799.5
1776,0.1,799.4
1776,0.1,799.4
1777,0.1,799.5
1778,0.1,799.5
1778,0.1,799.5
1778,0.1,799.4
1779,0.1,799.4
1780,0.1,799.4
1780,0.1,799.4
1780,0.1,799.4
1781,0.1,799
1782,0.1,799.5
1782,0.1,799.7
1782,0.1,799.6
1783,0.1,803.1
1784,0.1,799.5
1784,0.1,799.5
1784,0.1,799.6
1785,0.1,799.4
1786,0.1,799.6
1786,0.1,799.3
1786,0.1,799.5
1787,0.1,799.5
1788,0.1,799.6
1788,0.1,799.4
1788,0.1,799.5
1789,0.1,799.4
1790,0.1,799.4
1790,0.1,799.4
1790,0.1,799.5
1791,0.1,799.5
1792,0.1,799.4
1792,0.1,799.4
1792,0.1,799.5
1793,0.1,799.5
1794,0.1,799.5
1794,0.1,799.5
1794,0.1,799.4
1795,0.1,799.7
1796,0.1,799.5
1796,0.1,799.7
1796,0.1,799
1797,0.1,799.4
1798,0.1,799.5
1798,0.1,799.6
1798,0.1,799.4
1799,0.1,799.4
1800,0.1,800.2
1800,0.1,799.4
1800,0.1,799.3
1801,0.1,799.5
1802,0.1,799.7
1802,0.1,799.5
1802,0.1,799.5
1803,0.1,799.5
1804,0.1,799.4
1804,0.1,799.4
1804,0.1,799.4
1805,0.1,799.4
1806,0.1,799.5
1806,0.1,799.6
1806,0.1,799.6
1807,0.1,799.4
1808,0.1,799.8
1808,0.1,799.4
1808,0.1,799.7
1809,0.1,799.3
1810,0.1,800.4
1810,0.1,799.5
1810,0.1,799.4
1811,0.1,799.4
1812,0.1,799.5
1812,0.1,799.5
1812,0.1,799.6
1813,0.1,799.4
1814,0.1,799.5
1814,0.1,799.4
1814,0.1,799.5
1815,0.1,799.5
1816,0.1,799.4
1816,0.1,799.4
1816,0.1,799.4
1817,0.1,799.5
1818,0.1,799.5
1818,0.1,799.5
1818,0.1,799.4
1819,0.1,799.4
1820,0.1,799.5
1820,0.1,799.4
1820,0.1,799.5
1821,0.1,799.7
1822,0.1,799.3
1822,0.1,799.4
1822,0.1,799.4
1823,0.1,799.4
1824,0.1,799.5
1824,0.1,799.5
1824,0.1,799.4
1825,0.1,799.3
1826,0.1,799.3
1826,0.1,799.4
1826,0.1,799.7
1827,0.1,799.5
1828,0.1,799.4
1828,0.1,799.4
1828,0.1,800.2
1829,0.1,799.7
1830,0.1,799.7
1830,0.1,799.3
1830,0.1,799.7
1831,0.1,799.3
1832,0.1,799.4
1832,0.1,799.5
1832,0.1,799
1833,0.1,800.1
1834,0.1,799.5
1834,0.1,799.6
1834,0.1,799.3
1835,0.1,799.6
1836,0.1,799.4
1836,0.1,799.4
1836,0.1,799.1
1837,0.1,799.4
1838,0.1,799.7
1838,0.1,799.6
1838,0.1,799.5
1839,0.1,799.5
1840,0.1,799.6
1840,0.1,799.6
1840,0.1,799.4
1841,0.1,799.4
1842,0.1,799.5
1842,0.1,799.4
1842,0.1,799.7
1843,0.1,799
1844,0.1,799.4
1844,0.1,799.4
1844,0.1,799.5
1845,0.1,799.5
1846,0.1,799.7
1846,0.1,799.5
1846,0.1,799.4
1847,0.1,799.6
1848,0.1,800.2
1848,0.1,799.6
1848,0.1,799.1
1849,0.1,799.5
1850,0.1,799.4
1850,0.1,799.4
1850,0.1,799.5
1851,0.1,799.5
1852,0.1,799.4
1852,0.1,799.5
1852,0.1,799.5
1853,0.1,799.5
1854,0.1,799.5
1854,0.1,799.4
1854,0.1,799.6
1855,0.1,799.4
1856,0.1,799.3
1856,0.1,799.5
1856,0.1,799.4
1857,0.1,799.6
1858,0.1,799
1858,0.1,799.5
1858,0.1,799.5
1859,0.1,799.5
1860,0.1,799.4
1860,0.1,799.3
1860,0.1,799.6
1861,0.1,799.6
1862,0.1,799
1862,0.1,799.5
1862,0.1,799.3
1863,0.1,799.2
1864,0.1,799.5
1864,0.1,799.6
1864,0.1,799.7
1865,0.1,799.6
1866,0.1,799.4
1866,0.1,799.4
1866,0.1,799.5
1867,0.1,800.6
1868,0.1,799.5
1868,0.1,799.6
1868,0.1,799.5
1869,0.1,799.5
1870,0.1,799.3
1870,0.1,799.5
1870,0.1,799.5
1871,0.1,799.4
1872,0.1,799.4
1872,0.1,799.5
1872,0.1,799.4
1873,0.1,799.5
1874,0.1,799.4
1874,0.1,799.3
1874,0.1,799.5
1875,0.1,799
1876,0.1,799.6
1876,0.1,799.5
1876,0.1,799.7
1877,0.1,799.6
1878,0.1,799.4
1878,0.1,799.6
1878,0.1,799.5
1879,0.1,799.4
1880,0.1,799.5
1880,0.1,799.7
1880,0.1,799.7
1881,0.1,799.4
1882,0.1,799.5
1882,0.1,799.4
1882,0.1,799.7
1883,0.1,799.5
1884,0.1,799.5
1884,0.1,799.5
1884,0.1,799.4
1885,0.1,799.7
1886,0.1,799.4
1886,0.1,799.4
1886,0.1,799.4
1887,0.1,799.5
1888,0.1,799.3
1888,0.1,799.3
1888,0.1,799.5
1889,0.1,799.4
1890,0.1,799.4
1890,0.1,799.4
1890,0.1,799.5
1891,0.1,799.5
1892,0.1,799.6
1892,0.1,799.4
1892,0.1,799.3
1893,0.1,799.4
1894,0.1,799.5
1894,0.1,799.4
1894,0.1,799.4
1895,0.1,799.5
1896,0.1,799.3
1896,0.1,799.4
1896,0.1,799.3
1897,0.1,799.4
1898,0.1,799.5
1898,0.1,799.4
1898,0.1,799.8
1899,0.1,799.6
1900,0.1,799.3
1900,0.1,799.4
1900,0.1,799.7
1901,0.1,799.7
1902,0.1,799.4
1902,0.1,799.5
1902,0.1,799.5
1903,0.1,799.1
1904,0.1,799.6
1904,0.1,799.2
1904,0.1,799.7
1905,0.1,799.5
1906,0.1,799.4
1906,0.1,799.4
1906,0.1,799.4
1907,0.1,799.5
1908,0.1,799.4
1908,0.1,799.4
1908,0.1,799.5
1909,0.1,799.6
1910,0.1,799.4
1910,0.1,799.6
1910,0.1,799.4
1911,0.1,799.5
1912,0.1,799.3
1912,0.1,799.6
1912,0.1,799.4
1913,0.1,799.5
1914,0.1,799.5
1914,0.1,799.4
1914,0.1,799.4
1915,0.1,799.5
1916,0.1,799.6
1916,0.1,799.7
1916,0.1,799.4
1917,0.1,799.4
1918,0.1,799.4
1918,0.1,799.4
1918,0.1,799.5
1919,0.1,799.8
1920,0.1,799.4
1920,0.1,799.5
1920,0.1,799.5
1921,0.1,799.5
1922,0.1,799.4
1922,0.1,799.5
1922,0.1,799.4
1923,0.1,799.5
1924,0.1,799.6
1924,0.1,799.4
1924,0.1,799
1925,0.1,799.5
1926,0.1,799.5
1926,0.1,799.6
1926,0.1,799.5
1927,0.1,799.6
1928,0.1,799.6
1928,0.1,799.4
1928,0.1,799.4
1929,0.1,799.5
1930,0.1,799.4
1930,0.1,799.6
1930,0.1,799.4
1931,0.1,799.5
1932,0.1,799.5
1932,0.1,799.5
1932,0.1,799.4
1933,0.1,799.4
1934,0.1,799.5
1934,0.1,799.4
1934,0.1,799.6
1935,0.1,799.4
1936,0.1,799.4
1936,0.1,799.5
1936,0.1,799.5
1937,0.1,799.4
1938,0.1,799.4
1938,0.1,799.6
1938,0.1,799.4
1939,0.1,799.5
1940,0.1,799.4
1940,0.1,799.6
1940,0.1,799.6
1941,0.1,799.5
1942,0.1,799.5
1942,0.1,799.7
1942,0.1,799.7
1943,0.1,799.4
1944,0.1,799.6
1944,0.1,799.7
1944,0.1,799.4
1945,0.1,799.9
1946,0.1,799.5
1946,0.1,799.4
1946,0.1,799.4
1947,0.1,799.3
1948,0.1,799.4
1948,0.1,799.4
1948,0.1,799.6
1949,0.1,799.4
1950,0.1,799.5
1950,0.1,799.4
1950,0.0505,799.6
1951,0.001,799.5
1952,0.000974,799.5
1952,0.000947,799.7
1952,0.000921,799.5
1953,0.000895,799.4
1954,0.000868,799.4
1954,0.000842,799.4
1954,0.000816,799.6
1955,0.000789,799.4
1956,0.000763,799.5
1956,0.000737,799.4
1956,0.000711,799.4
1957,0.000684,799.5
1958,0.000658,799.5
1958,0.000632,799.6
1958,0.000605,799.6
1959,0.000579,799.4
1960,0.000553,799.6
1960,0.000526,799.6
1960,0.0005,799.4
1961,0.000474,799.6
1962,0.000447,799.5
1962,0.000421,799.5
1962,0.000395,799.4
1963,0.000368,799.4
1964,0.000342,799.5
1964,0.000316,799.4
1964,0.000289,799.5
1965,0.000263,799.6
1966,0.000237,799.3
1966,0.000211,799.7
1966,0.000184,799.5
1967,0.000158,799.6
1968,0.000132,799.5
1968,0.000105,799.3
1968,7.9e-05,799.4
1969,5.3e-05,799.7
1970,2.6e-05,799.4
